,id,nickname,introduction,age,gender,height,x,y,smoking,drinking,yourKids,religious,hobbies,Cluster #
0,43476df3-16e6-4d3a-aa43-4e3322843479,Mr. Jasmine Phú,Áo leo thuê anh.,14,0,192.0,13.5842,108.4261,0,0,1,4,"['Viết blog', 'Ăn uống lành mạnh', 'Mua sắm', 'Đi bộ đường dài hoặc Leo núi', 'Cho ăn và quan sát các loài chim địa phương', 'Tham gia Marathons', 'Buôn bán', 'Thể thao dưới nước', 'Hát, sáng tác hoặc nhảy', 'Chơi bài hoặc trò chơi trên bàn', 'Sưu tầm', 'Xây dựng cơ thể và tập thể dục', 'Thổi gốm hoặc thủy tinh', 'Yoga hoặc thiền', 'Nấu ăn', 'Đọc sách, báo, tiểu thuyết', 'Câu đố', 'Nhảy Bungee và Thể thao mạo hiểm', 'Xem phim']",0
1,7f5c1b13-bd2e-4302-a8eb-51d0392d5e96,Woodrow Trinh,Mười yêu một.,19,0,174.0,23.1903,109.079,0,2,1,8,"['Sáng tạo nội dung', 'Nghiên cứu và duyệt Internet', 'Làm đồ trang sức', 'Sưu tầm', 'Xây dựng cơ thể và tập thể dục', 'Săn bắn hoặc câu cá', 'Yoga hoặc thiền', 'Trang trí nội thất', 'Nấu ăn', 'Câu đố', 'Nhảy Bungee và Thể thao mạo hiểm', 'Giao lưu với Twitter, Facebook hoặc Skype']",0
2,6e46bff3-2bd7-4c50-bc4a-a990b994319e,Glen Loan,Viết hết áo nhà bơi.,20,1,190.0,13.969100000000001,105.6562,2,1,-1,6,"['Viết blog', 'Ăn uống lành mạnh', 'Mua sắm', 'Sáng tạo nội dung', 'Đi bộ đường dài hoặc Leo núi', 'Vẽ tranh, Điêu khắc', 'Cho ăn và quan sát các loài chim địa phương', 'Tham gia Marathons', 'Buôn bán', 'Nghiên cứu và duyệt Internet', 'Thể thao dưới nước', 'Tiệc tùng', 'Làm đồ trang sức', 'Hát, sáng tác hoặc nhảy', 'Chơi bài hoặc trò chơi trên bàn', 'Sưu tầm', 'Võ thuật', 'Xây dựng cơ thể và tập thể dục', 'Săn bắn hoặc câu cá', 'Thổi gốm hoặc thủy tinh', 'Yoga hoặc thiền', 'Trang trí nội thất', 'Thể thao mùa đông', 'Nấu ăn', 'Đọc sách, báo, tiểu thuyết', 'Chơi trò chơi điện tử', 'Câu đố', 'Nhảy Bungee và Thể thao mạo hiểm']",0
3,bec6b032-3bd8-4a3f-91dc-c4ac47b1f381,Olga Phùng,Ruộng vàng gió sáu chỉ máy tám núi.,31,0,155.0,8.7523,109.2948,1,1,-1,1,"['Mua sắm', 'Sáng tạo nội dung', 'Đi bộ đường dài hoặc Leo núi', 'Cho ăn và quan sát các loài chim địa phương', 'Tham gia Marathons', 'Buôn bán', 'Nghiên cứu và duyệt Internet', 'Thể thao dưới nước', 'Tiệc tùng', 'Hát, sáng tác hoặc nhảy', 'Chơi bài hoặc trò chơi trên bàn', 'Sưu tầm', 'Xây dựng cơ thể và tập thể dục', 'Thổi gốm hoặc thủy tinh', 'Trang trí nội thất', 'Nấu ăn', 'Đọc sách, báo, tiểu thuyết', 'Câu đố', 'Giao lưu với Twitter, Facebook hoặc Skype']",0
4,206ac233-29a7-4956-9d51-abe9cd804e40,Aubrey Nguyễn,Lầu kim bạn hàng độc trăng đá bàn.,39,0,184.0,17.9675,108.8727,0,-1,1,10,"['Viết blog', 'Ăn uống lành mạnh', 'Mua sắm', 'Sáng tạo nội dung', 'Vẽ tranh, Điêu khắc', 'Cho ăn và quan sát các loài chim địa phương', 'Tham gia Marathons', 'Nghiên cứu và duyệt Internet', 'Thể thao dưới nước', 'Tiệc tùng', 'Hát, sáng tác hoặc nhảy', 'Chơi bài hoặc trò chơi trên bàn', 'Sưu tầm', 'Võ thuật', 'Xây dựng cơ thể và tập thể dục', 'Săn bắn hoặc câu cá', 'Thổi gốm hoặc thủy tinh', 'Yoga hoặc thiền', 'Trang trí nội thất', 'Thể thao mùa đông', 'Đọc sách, báo, tiểu thuyết', 'Câu đố', 'Nhảy Bungee và Thể thao mạo hiểm', 'Giao lưu với Twitter, Facebook hoặc Skype', 'Xem phim']",0
5,210a7768-e28c-488e-a076-2f33344e66fb,Ms. Eloise Tăng,Làm vàng trăng không.,29,1,154.0,21.1747,104.4095,0,1,-1,2,"['Viết blog', 'Mua sắm', 'Cho ăn và quan sát các loài chim địa phương', 'Buôn bán', 'Làm đồ trang sức', 'Hát, sáng tác hoặc nhảy', 'Chơi bài hoặc trò chơi trên bàn', 'Sưu tầm', 'Võ thuật', 'Xây dựng cơ thể và tập thể dục', 'Săn bắn hoặc câu cá', 'Thổi gốm hoặc thủy tinh', 'Yoga hoặc thiền', 'Đọc sách, báo, tiểu thuyết', 'Chơi trò chơi điện tử', 'Câu đố', 'Nhảy Bungee và Thể thao mạo hiểm', 'Giao lưu với Twitter, Facebook hoặc Skype', 'Xem phim']",0
6,c6f46967-a7c5-4698-ae4d-e6f3c41d9a4f,Kayla Bửu,Một được giết thế gì núi.,15,2,182.0,18.5974,103.4395,-1,1,1,2,"['Viết blog', 'Ăn uống lành mạnh', 'Mua sắm', 'Sáng tạo nội dung', 'Đi bộ đường dài hoặc Leo núi', 'Vẽ tranh, Điêu khắc', 'Cho ăn và quan sát các loài chim địa phương', 'Tham gia Marathons', 'Buôn bán', 'Nghiên cứu và duyệt Internet', 'Thể thao dưới nước', 'Tiệc tùng', 'Làm đồ trang sức', 'Hát, sáng tác hoặc nhảy', 'Chơi bài hoặc trò chơi trên bàn', 'Sưu tầm', 'Võ thuật', 'Săn bắn hoặc câu cá', 'Thổi gốm hoặc thủy tinh', 'Yoga hoặc thiền', 'Trang trí nội thất', 'Thể thao mùa đông', 'Nấu ăn', 'Đọc sách, báo, tiểu thuyết', 'Chơi trò chơi điện tử', 'Câu đố', 'Nhảy Bungee và Thể thao mạo hiểm', 'Giao lưu với Twitter, Facebook hoặc Skype', 'Xem phim']",0
7,49bde74d-19ca-4012-8cf7-14519cef2a94,Jenny Triệu,Ba ờ cửa bơi bàn.,34,0,172.0,8.9027,107.8246,0,-1,0,1,"['Viết blog', 'Ăn uống lành mạnh', 'Mua sắm', 'Đi bộ đường dài hoặc Leo núi', 'Vẽ tranh, Điêu khắc', 'Cho ăn và quan sát các loài chim địa phương', 'Tham gia Marathons', 'Buôn bán', 'Nghiên cứu và duyệt Internet', 'Thể thao dưới nước', 'Làm đồ trang sức', 'Hát, sáng tác hoặc nhảy', 'Săn bắn hoặc câu cá', 'Yoga hoặc thiền', 'Trang trí nội thất', 'Nhảy Bungee và Thể thao mạo hiểm']",0
8,0783aed4-c9ab-44b4-b5f4-437823e27e16,Sam Phùng,Yêu bơi đạp chết năm.,35,2,198.0,19.3921,109.0147,2,0,0,8,"['Viết blog', 'Ăn uống lành mạnh', 'Sáng tạo nội dung', 'Đi bộ đường dài hoặc Leo núi', 'Vẽ tranh, Điêu khắc', 'Tham gia Marathons', 'Buôn bán', 'Nghiên cứu và duyệt Internet', 'Thể thao dưới nước', 'Tiệc tùng', 'Làm đồ trang sức', 'Hát, sáng tác hoặc nhảy', 'Chơi bài hoặc trò chơi trên bàn', 'Sưu tầm', 'Võ thuật', 'Xây dựng cơ thể và tập thể dục', 'Thổi gốm hoặc thủy tinh', 'Trang trí nội thất', 'Thể thao mùa đông', 'Nấu ăn', 'Đọc sách, báo, tiểu thuyết', 'Chơi trò chơi điện tử', 'Câu đố']",0
9,98a2086d-5baf-4851-94db-16faf58967a6,Lindsey Thắm,Tui thì chỉ đỏ thế ờ.,33,2,159.0,17.1203,107.5012,2,1,1,1,"['Sưu tầm', 'Săn bắn hoặc câu cá', 'Đọc sách, báo, tiểu thuyết', 'Chơi trò chơi điện tử', 'Giao lưu với Twitter, Facebook hoặc Skype']",1
10,93c2361d-e19c-49f7-8e30-1bbb951b7bac,Tommie Hải,Ác biết ghế nước đá thương tô quê.,36,1,158.0,13.1307,108.7775,1,-1,0,2,"['Viết blog', 'Ăn uống lành mạnh', 'Sáng tạo nội dung', 'Đi bộ đường dài hoặc Leo núi', 'Tham gia Marathons', 'Nghiên cứu và duyệt Internet', 'Thể thao dưới nước', 'Tiệc tùng', 'Chơi bài hoặc trò chơi trên bàn', 'Sưu tầm', 'Săn bắn hoặc câu cá', 'Yoga hoặc thiền', 'Trang trí nội thất', 'Thể thao mùa đông', 'Đọc sách, báo, tiểu thuyết', 'Nhảy Bungee và Thể thao mạo hiểm', 'Giao lưu với Twitter, Facebook hoặc Skype', 'Xem phim']",0
11,a40e412d-0a8e-49f9-8c12-1ae82e08450e,Todd Trần,Nước mười đá ừ năm bạn hết cửa chết.,36,2,188.0,18.9495,103.2267,2,0,1,1,"['Viết blog', 'Ăn uống lành mạnh', 'Mua sắm', 'Sáng tạo nội dung', 'Đi bộ đường dài hoặc Leo núi', 'Vẽ tranh, Điêu khắc', 'Cho ăn và quan sát các loài chim địa phương', 'Tham gia Marathons', 'Buôn bán', 'Thể thao dưới nước', 'Làm đồ trang sức', 'Võ thuật', 'Xây dựng cơ thể và tập thể dục', 'Thổi gốm hoặc thủy tinh', 'Yoga hoặc thiền', 'Thể thao mùa đông', 'Đọc sách, báo, tiểu thuyết', 'Chơi trò chơi điện tử', 'Câu đố', 'Nhảy Bungee và Thể thao mạo hiểm', 'Giao lưu với Twitter, Facebook hoặc Skype', 'Xem phim']",0
12,f3d900ec-65e8-41d5-ae9c-fb1f90e1a696,Lynette Đinh,Máy lầu quê gió cửa mười đang mua anh trăng.,27,0,152.0,19.789,108.2221,-1,-1,-1,0,"['Ăn uống lành mạnh', 'Sáng tạo nội dung', 'Cho ăn và quan sát các loài chim địa phương', 'Tham gia Marathons', 'Buôn bán', 'Tiệc tùng', 'Chơi bài hoặc trò chơi trên bàn', 'Yoga hoặc thiền', 'Đọc sách, báo, tiểu thuyết', 'Câu đố', 'Giao lưu với Twitter, Facebook hoặc Skype', 'Xem phim']",1
13,6d274379-2eb1-40ac-bce1-fd32e674e10f,Alexandra Thảo I,Dép độc núi tôi chỉ tô núi.,20,1,171.0,18.366,106.4449,0,0,1,2,"['Viết blog', 'Ăn uống lành mạnh', 'Mua sắm', 'Sáng tạo nội dung', 'Đi bộ đường dài hoặc Leo núi', 'Vẽ tranh, Điêu khắc', 'Cho ăn và quan sát các loài chim địa phương', 'Tham gia Marathons', 'Buôn bán', 'Nghiên cứu và duyệt Internet', 'Thể thao dưới nước', 'Tiệc tùng', 'Làm đồ trang sức', 'Hát, sáng tác hoặc nhảy', 'Chơi bài hoặc trò chơi trên bàn', 'Sưu tầm', 'Võ thuật', 'Xây dựng cơ thể và tập thể dục', 'Săn bắn hoặc câu cá', 'Thổi gốm hoặc thủy tinh', 'Yoga hoặc thiền', 'Trang trí nội thất', 'Thể thao mùa đông', 'Đọc sách, báo, tiểu thuyết', 'Chơi trò chơi điện tử', 'Câu đố', 'Nhảy Bungee và Thể thao mạo hiểm', 'Giao lưu với Twitter, Facebook hoặc Skype', 'Xem phim']",0
14,f3918956-375f-4bcb-84e4-a4f6110e4575,Shelley Phong,Bàn tô tám chín mười.,24,1,199.0,11.7896,106.8815,1,-1,-1,9,"['Nghiên cứu và duyệt Internet', 'Thể thao dưới nước', 'Câu đố']",1
15,cabd823c-c82d-45de-86d3-bb412590759b,Marlene Vân,Chỉ kim xanh khoảng yêu nước núi.,29,2,154.0,21.5962,108.597,1,1,0,-1,"['Cho ăn và quan sát các loài chim địa phương', 'Xem phim']",1
16,4ccba6a1-1233-499d-a72c-f0066756a135,Matthew Tuân,Quê áo khoan yêu tôi.,20,0,150.0,22.9686,103.3814,0,0,1,1,"['Ăn uống lành mạnh', 'Sáng tạo nội dung', 'Cho ăn và quan sát các loài chim địa phương', 'Tiệc tùng', 'Làm đồ trang sức', 'Chơi bài hoặc trò chơi trên bàn', 'Xây dựng cơ thể và tập thể dục', 'Thổi gốm hoặc thủy tinh', 'Yoga hoặc thiền', 'Thể thao mùa đông', 'Nấu ăn', 'Đọc sách, báo, tiểu thuyết', 'Nhảy Bungee và Thể thao mạo hiểm']",1
17,5fe6072b-f4b5-46ba-8d8e-32759efbf386,Mr. Patti Thắm,Chìm được biển tím khoảng.,26,1,169.0,9.2188,108.4337,-1,1,0,5,"['Ăn uống lành mạnh', 'Mua sắm', 'Buôn bán', 'Làm đồ trang sức', 'Hát, sáng tác hoặc nhảy', 'Sưu tầm', 'Săn bắn hoặc câu cá', 'Thổi gốm hoặc thủy tinh', 'Đọc sách, báo, tiểu thuyết', 'Nhảy Bungee và Thể thao mạo hiểm']",0
18,0ff33dbd-91a3-4632-a283-a50312904de3,Jo Nhàn,Trăng trăng con quê ừ ác.,15,2,155.0,15.4167,105.2507,2,2,-1,7,"['Viết blog', 'Ăn uống lành mạnh', 'Mua sắm', 'Sáng tạo nội dung', 'Đi bộ đường dài hoặc Leo núi', 'Vẽ tranh, Điêu khắc', 'Cho ăn và quan sát các loài chim địa phương', 'Tham gia Marathons', 'Nghiên cứu và duyệt Internet', 'Thể thao dưới nước', 'Làm đồ trang sức', 'Hát, sáng tác hoặc nhảy', 'Chơi bài hoặc trò chơi trên bàn', 'Sưu tầm', 'Võ thuật', 'Xây dựng cơ thể và tập thể dục', 'Săn bắn hoặc câu cá', 'Thổi gốm hoặc thủy tinh', 'Trang trí nội thất', 'Thể thao mùa đông', 'Nấu ăn', 'Đọc sách, báo, tiểu thuyết', 'Chơi trò chơi điện tử', 'Nhảy Bungee và Thể thao mạo hiểm']",0
19,e2875ebf-7a41-43c3-bc4a-2ba2545d29ea,Corey Vân,Không tôi á chỉ con ghế.,22,2,174.0,16.8746,103.9354,2,0,1,-1,"['Viết blog', 'Ăn uống lành mạnh', 'Mua sắm', 'Sáng tạo nội dung', 'Đi bộ đường dài hoặc Leo núi', 'Vẽ tranh, Điêu khắc', 'Tham gia Marathons', 'Buôn bán', 'Thể thao dưới nước', 'Hát, sáng tác hoặc nhảy', 'Chơi bài hoặc trò chơi trên bàn', 'Sưu tầm', 'Võ thuật', 'Xây dựng cơ thể và tập thể dục', 'Săn bắn hoặc câu cá', 'Yoga hoặc thiền', 'Trang trí nội thất', 'Thể thao mùa đông', 'Nấu ăn', 'Đọc sách, báo, tiểu thuyết', 'Chơi trò chơi điện tử', 'Câu đố', 'Nhảy Bungee và Thể thao mạo hiểm', 'Giao lưu với Twitter, Facebook hoặc Skype', 'Xem phim']",0
20,41e411a1-da19-4894-9d59-4d06b00158e8,Toni Phan,Cửa bốn gì biển xuồng ừ thì.,34,0,188.0,23.2447,106.7041,1,0,-1,5,"['Viết blog', 'Buôn bán', 'Nấu ăn']",1
21,261e8e0d-6a28-4183-9245-b7bbd0e0fd2f,Alberto Tăng,Tủ khâu em leo giết tô thuyền mười yêu xuồng.,22,1,194.0,22.3069,103.9439,1,0,-1,5,"['Viết blog', 'Ăn uống lành mạnh', 'Mua sắm', 'Sáng tạo nội dung', 'Vẽ tranh, Điêu khắc', 'Tham gia Marathons', 'Buôn bán', 'Làm đồ trang sức', 'Chơi bài hoặc trò chơi trên bàn', 'Sưu tầm', 'Xây dựng cơ thể và tập thể dục', 'Yoga hoặc thiền', 'Câu đố', 'Nhảy Bungee và Thể thao mạo hiểm', 'Giao lưu với Twitter, Facebook hoặc Skype']",1
22,dbf5722e-cd3d-4949-bed5-ce0931681b64,Jodi Đào III,Bè nón ngọt lầu chín đá khâu bốn thích.,33,0,152.0,15.1918,109.0249,-1,0,0,2,"['Viết blog', 'Ăn uống lành mạnh', 'Đi bộ đường dài hoặc Leo núi', 'Tham gia Marathons', 'Tiệc tùng', 'Sưu tầm', 'Võ thuật', 'Xây dựng cơ thể và tập thể dục', 'Thổi gốm hoặc thủy tinh', 'Thể thao mùa đông', 'Đọc sách, báo, tiểu thuyết', 'Câu đố', 'Nhảy Bungee và Thể thao mạo hiểm', 'Xem phim']",1
23,da813b69-b7eb-4914-9441-409a61425ee2,Marilyn Bùi,Khoảng cửa tím hai thương ruộng.,23,0,150.0,15.3292,107.0433,2,-1,1,0,"['Yoga hoặc thiền', 'Giao lưu với Twitter, Facebook hoặc Skype']",1
24,ffd0d4dd-7d99-48a6-8108-ceb390df8b52,Brandon Nam,Gì tám vẽ viết may anh viết.,18,2,176.0,14.9736,104.5369,1,1,1,9,"['Viết blog', 'Ăn uống lành mạnh', 'Mua sắm', 'Đi bộ đường dài hoặc Leo núi', 'Vẽ tranh, Điêu khắc', 'Cho ăn và quan sát các loài chim địa phương', 'Tham gia Marathons', 'Nghiên cứu và duyệt Internet', 'Thể thao dưới nước', 'Chơi bài hoặc trò chơi trên bàn', 'Xây dựng cơ thể và tập thể dục', 'Săn bắn hoặc câu cá', 'Thổi gốm hoặc thủy tinh', 'Yoga hoặc thiền', 'Nấu ăn', 'Chơi trò chơi điện tử', 'Câu đố', 'Nhảy Bungee và Thể thao mạo hiểm', 'Giao lưu với Twitter, Facebook hoặc Skype', 'Xem phim']",0
25,6a4d8c32-e756-4a23-a67e-a84e8fbfbbe4,Todd Sơn,Hương phá cửa đã gì hết tàu đâu bảy hết.,21,1,156.0,10.9808,105.5426,1,1,0,6,"['Sưu tầm', 'Xem phim']",1
26,71074e9b-e84e-4665-a544-d9d4801a00b2,Karen Tăng,Chỉ ngọt kim lỗi ghét.,24,1,185.0,9.7122,106.2255,2,0,0,2,"['Viết blog', 'Ăn uống lành mạnh', 'Vẽ tranh, Điêu khắc', 'Chơi bài hoặc trò chơi trên bàn', 'Sưu tầm', 'Võ thuật', 'Đọc sách, báo, tiểu thuyết', 'Nhảy Bungee và Thể thao mạo hiểm', 'Giao lưu với Twitter, Facebook hoặc Skype']",1
27,a87e6d97-b479-4ccc-8d4b-8836cf2e768c,Jerome Tâm,Ghế đâu bạn.,28,0,182.0,12.0992,109.0806,-1,0,1,2,"['Ăn uống lành mạnh', 'Mua sắm', 'Sáng tạo nội dung', 'Đi bộ đường dài hoặc Leo núi', 'Vẽ tranh, Điêu khắc', 'Cho ăn và quan sát các loài chim địa phương', 'Tham gia Marathons', 'Thể thao dưới nước', 'Tiệc tùng', 'Chơi bài hoặc trò chơi trên bàn', 'Săn bắn hoặc câu cá', 'Yoga hoặc thiền', 'Trang trí nội thất', 'Thể thao mùa đông', 'Nấu ăn']",0
28,f2384f43-f355-4a83-b3d7-4e8c2a457bc5,Rickey Khoa,Con máy sáu anh đỏ thương hương mướn xuồng mây.,11,2,190.0,14.871,103.4938,2,-1,0,9,"['Viết blog', 'Sáng tạo nội dung', 'Tham gia Marathons', 'Buôn bán', 'Nghiên cứu và duyệt Internet', 'Làm đồ trang sức', 'Hát, sáng tác hoặc nhảy', 'Chơi bài hoặc trò chơi trên bàn', 'Sưu tầm']",1
29,f917fe0c-4b99-48bb-afb1-9d1c003e7bff,Hugh Nguyễn,Chìm chín hai.,14,0,173.0,11.0484,106.067,-1,0,-1,-1,"['Viết blog', 'Mua sắm', 'Vẽ tranh, Điêu khắc', 'Cho ăn và quan sát các loài chim địa phương', 'Tham gia Marathons', 'Nghiên cứu và duyệt Internet', 'Võ thuật', 'Yoga hoặc thiền', 'Đọc sách, báo, tiểu thuyết', 'Câu đố', 'Nhảy Bungee và Thể thao mạo hiểm', 'Xem phim']",1
30,75c551d0-44ba-4278-8d2e-be3cb60de753,Cora Phú,Ừ bơi vá.,35,1,190.0,14.5107,104.9804,1,-1,-1,8,"['Viết blog', 'Ăn uống lành mạnh', 'Mua sắm', 'Sáng tạo nội dung', 'Đi bộ đường dài hoặc Leo núi', 'Vẽ tranh, Điêu khắc', 'Tham gia Marathons', 'Nghiên cứu và duyệt Internet', 'Thể thao dưới nước', 'Làm đồ trang sức', 'Chơi bài hoặc trò chơi trên bàn', 'Sưu tầm', 'Võ thuật', 'Xây dựng cơ thể và tập thể dục', 'Săn bắn hoặc câu cá', 'Thổi gốm hoặc thủy tinh', 'Yoga hoặc thiền', 'Trang trí nội thất', 'Thể thao mùa đông', 'Nấu ăn', 'Đọc sách, báo, tiểu thuyết', 'Chơi trò chơi điện tử', 'Câu đố', 'Nhảy Bungee và Thể thao mạo hiểm']",0
31,61a35f91-1434-48bd-9d11-5ac62a4bd361,Phillip Vũ,Thích chìm chết đập đánh.,24,1,167.0,9.943,107.7233,2,-1,-1,5,"['Ăn uống lành mạnh', 'Đi bộ đường dài hoặc Leo núi', 'Vẽ tranh, Điêu khắc', 'Tham gia Marathons', 'Tiệc tùng', 'Xây dựng cơ thể và tập thể dục', 'Trang trí nội thất', 'Thể thao mùa đông', 'Giao lưu với Twitter, Facebook hoặc Skype']",0
32,65767f9b-5c07-401d-8b89-4e6245575205,Noel Dương PhD,Tô không thôi.,38,0,173.0,12.2374,107.2975,0,-1,1,0,"['Viết blog', 'Ăn uống lành mạnh', 'Mua sắm', 'Sáng tạo nội dung', 'Đi bộ đường dài hoặc Leo núi', 'Vẽ tranh, Điêu khắc', 'Cho ăn và quan sát các loài chim địa phương', 'Tham gia Marathons', 'Buôn bán', 'Nghiên cứu và duyệt Internet', 'Thể thao dưới nước', 'Tiệc tùng', 'Làm đồ trang sức', 'Hát, sáng tác hoặc nhảy', 'Chơi bài hoặc trò chơi trên bàn', 'Võ thuật', 'Xây dựng cơ thể và tập thể dục', 'Săn bắn hoặc câu cá', 'Thổi gốm hoặc thủy tinh', 'Yoga hoặc thiền', 'Trang trí nội thất', 'Thể thao mùa đông', 'Nấu ăn', 'Đọc sách, báo, tiểu thuyết', 'Chơi trò chơi điện tử', 'Câu đố', 'Nhảy Bungee và Thể thao mạo hiểm', 'Giao lưu với Twitter, Facebook hoặc Skype', 'Xem phim']",0
33,5525cd82-692c-4be5-9e5e-bda85e09addd,Bernard Loan,Mây bơi máy đã không sáu.,28,0,195.0,23.2868,103.706,0,2,-1,8,"['Viết blog', 'Ăn uống lành mạnh', 'Tham gia Marathons', 'Tiệc tùng', 'Làm đồ trang sức', 'Hát, sáng tác hoặc nhảy', 'Yoga hoặc thiền', 'Thể thao mùa đông', 'Đọc sách, báo, tiểu thuyết', 'Nhảy Bungee và Thể thao mạo hiểm', 'Giao lưu với Twitter, Facebook hoặc Skype']",0
34,291ae6d6-2582-48e3-998b-f49d100932c9,Mr. Angel Thu,Ừ áo nước áo giày ruộng leo.,13,0,151.0,21.9671,103.0159,1,0,-1,0,"['Ăn uống lành mạnh', 'Mua sắm', 'Sáng tạo nội dung', 'Đi bộ đường dài hoặc Leo núi', 'Vẽ tranh, Điêu khắc', 'Tham gia Marathons', 'Nghiên cứu và duyệt Internet', 'Thể thao dưới nước', 'Làm đồ trang sức', 'Hát, sáng tác hoặc nhảy', 'Chơi bài hoặc trò chơi trên bàn', 'Sưu tầm', 'Võ thuật', 'Xây dựng cơ thể và tập thể dục', 'Săn bắn hoặc câu cá', 'Thổi gốm hoặc thủy tinh', 'Yoga hoặc thiền', 'Trang trí nội thất', 'Thể thao mùa đông', 'Nấu ăn', 'Đọc sách, báo, tiểu thuyết', 'Chơi trò chơi điện tử', 'Câu đố', 'Nhảy Bungee và Thể thao mạo hiểm', 'Giao lưu với Twitter, Facebook hoặc Skype']",0
35,1ee64484-d26a-474f-8771-10358234da02,Ana Như,Xanh quê một ừ thích nước.,31,2,157.0,10.3326,102.8055,-1,-1,1,5,"['Viết blog', 'Tiệc tùng', 'Hát, sáng tác hoặc nhảy', 'Chơi bài hoặc trò chơi trên bàn', 'Yoga hoặc thiền', 'Chơi trò chơi điện tử']",1
36,e3436301-6822-4252-9b11-f68b955500a3,Sonya Đào,Đang á đạp tôi dép.,19,0,181.0,18.2113,106.9415,-1,1,0,4,"['Viết blog', 'Vẽ tranh, Điêu khắc', 'Cho ăn và quan sát các loài chim địa phương', 'Nghiên cứu và duyệt Internet', 'Thể thao dưới nước', 'Săn bắn hoặc câu cá', 'Thổi gốm hoặc thủy tinh', 'Thể thao mùa đông', 'Đọc sách, báo, tiểu thuyết']",1
37,742d804a-cbbb-4e9b-ac43-f56c119969e9,Mrs. Francis Vũ,Việc chết bốn tô dép em độc bàn ngọt hết.,28,1,162.0,17.6575,109.4329,-1,0,-1,0,"['Viết blog', 'Mua sắm', 'Sáng tạo nội dung', 'Vẽ tranh, Điêu khắc', 'Tham gia Marathons', 'Buôn bán', 'Nghiên cứu và duyệt Internet', 'Tiệc tùng', 'Chơi bài hoặc trò chơi trên bàn', 'Đọc sách, báo, tiểu thuyết', 'Chơi trò chơi điện tử', 'Câu đố', 'Nhảy Bungee và Thể thao mạo hiểm', 'Giao lưu với Twitter, Facebook hoặc Skype']",1
38,21253c5f-8281-49c6-9cfa-581215a85b0d,Rick Tăng,Đang quần bạn độc thuyền.,17,0,197.0,11.5059,102.4509,-1,2,1,8,"['Sáng tạo nội dung', 'Cho ăn và quan sát các loài chim địa phương', 'Nghiên cứu và duyệt Internet', 'Săn bắn hoặc câu cá', 'Thể thao mùa đông', 'Nấu ăn', 'Đọc sách, báo, tiểu thuyết', 'Chơi trò chơi điện tử']",1
39,f3c14cda-0746-469e-89a1-cf1a8bd9c1ff,Elias Vân,Chết ờ phá may lỗi vẽ đâu.,40,0,196.0,16.1516,102.3206,0,2,1,-1,"['Viết blog', 'Ăn uống lành mạnh', 'Mua sắm', 'Sáng tạo nội dung', 'Đi bộ đường dài hoặc Leo núi', 'Cho ăn và quan sát các loài chim địa phương', 'Tham gia Marathons', 'Buôn bán', 'Nghiên cứu và duyệt Internet', 'Thể thao dưới nước', 'Tiệc tùng', 'Làm đồ trang sức', 'Hát, sáng tác hoặc nhảy', 'Chơi bài hoặc trò chơi trên bàn', 'Sưu tầm', 'Võ thuật', 'Xây dựng cơ thể và tập thể dục', 'Săn bắn hoặc câu cá', 'Thổi gốm hoặc thủy tinh', 'Yoga hoặc thiền', 'Trang trí nội thất', 'Thể thao mùa đông', 'Nấu ăn', 'Đọc sách, báo, tiểu thuyết', 'Chơi trò chơi điện tử', 'Câu đố', 'Nhảy Bungee và Thể thao mạo hiểm', 'Giao lưu với Twitter, Facebook hoặc Skype', 'Xem phim']",0
40,a51aee0b-9a3f-48a8-a052-6b40cae6bafa,Tony Thảo,Thích giết khoảng đã hai xanh.,38,2,168.0,21.0046,107.8399,2,1,0,10,"['Sáng tạo nội dung', 'Vẽ tranh, Điêu khắc', 'Làm đồ trang sức', 'Xây dựng cơ thể và tập thể dục', 'Thể thao mùa đông', 'Xem phim']",1
41,d2ab202f-37b2-4c5d-a3df-f5c30558a121,Kerry Bửu DDS,Tím độc giết thích đập gì bảy thuê nước.,30,1,164.0,9.4717,102.7199,1,-1,0,5,"['Viết blog', 'Ăn uống lành mạnh', 'Mua sắm', 'Sáng tạo nội dung', 'Đi bộ đường dài hoặc Leo núi', 'Cho ăn và quan sát các loài chim địa phương', 'Tham gia Marathons', 'Buôn bán', 'Nghiên cứu và duyệt Internet', 'Làm đồ trang sức', 'Hát, sáng tác hoặc nhảy', 'Sưu tầm', 'Võ thuật', 'Xây dựng cơ thể và tập thể dục', 'Săn bắn hoặc câu cá', 'Thổi gốm hoặc thủy tinh', 'Yoga hoặc thiền', 'Trang trí nội thất', 'Nấu ăn', 'Đọc sách, báo, tiểu thuyết', 'Chơi trò chơi điện tử', 'Câu đố', 'Nhảy Bungee và Thể thao mạo hiểm', 'Giao lưu với Twitter, Facebook hoặc Skype', 'Xem phim']",0
42,2331207f-7f45-473b-acb1-f0fada9f2c63,Randolph Hà,Chìm thôi được thích chỉ biết là viết chìm.,24,0,182.0,18.483,105.843,1,0,-1,7,"['Vẽ tranh, Điêu khắc', 'Thể thao dưới nước', 'Chơi bài hoặc trò chơi trên bàn', 'Trang trí nội thất', 'Thể thao mùa đông', 'Đọc sách, báo, tiểu thuyết']",1
43,7c9b4dd2-6763-45df-a0f7-e2c3a26a87d6,Olivia Vinh,Bơi em hết lỗi biển.,25,0,170.0,16.8629,102.1689,0,1,0,8,"['Buôn bán', 'Thổi gốm hoặc thủy tinh', 'Nấu ăn', 'Nhảy Bungee và Thể thao mạo hiểm']",1
44,61045416-1e5c-46b6-b6ad-4e28eb6ea33f,Gilbert Hải,Con thương gió chỉ xuồng ác.,26,2,152.0,20.5321,107.0533,0,1,1,4,"['Viết blog', 'Ăn uống lành mạnh', 'Mua sắm', 'Sáng tạo nội dung', 'Đi bộ đường dài hoặc Leo núi', 'Vẽ tranh, Điêu khắc', 'Cho ăn và quan sát các loài chim địa phương', 'Nghiên cứu và duyệt Internet', 'Thể thao dưới nước', 'Làm đồ trang sức', 'Sưu tầm', 'Võ thuật', 'Xây dựng cơ thể và tập thể dục', 'Săn bắn hoặc câu cá', 'Yoga hoặc thiền', 'Trang trí nội thất', 'Câu đố', 'Nhảy Bungee và Thể thao mạo hiểm', 'Xem phim']",0
45,d7a75a92-0bce-4bcf-94a8-63ec3f8b718b,Brenda Trung,Thích đập lỗi đâu giết quê biển nghỉ thương á.,17,0,171.0,9.171,104.68,0,-1,0,2,"['Viết blog', 'Ăn uống lành mạnh', 'Mua sắm', 'Sáng tạo nội dung', 'Vẽ tranh, Điêu khắc', 'Cho ăn và quan sát các loài chim địa phương', 'Buôn bán', 'Nghiên cứu và duyệt Internet', 'Thể thao dưới nước', 'Làm đồ trang sức', 'Hát, sáng tác hoặc nhảy', 'Sưu tầm', 'Võ thuật', 'Xây dựng cơ thể và tập thể dục', 'Thổi gốm hoặc thủy tinh', 'Trang trí nội thất', 'Nấu ăn', 'Đọc sách, báo, tiểu thuyết', 'Câu đố', 'Giao lưu với Twitter, Facebook hoặc Skype', 'Xem phim']",0
46,0060957a-d23f-4d2b-bb8f-c61447a5b610,Joanne Bửu,Ghế bơi ba yêu đồng trăng sáu giết tám.,28,0,164.0,17.4536,108.688,1,1,0,-1,"['Viết blog', 'Ăn uống lành mạnh', 'Sáng tạo nội dung', 'Nghiên cứu và duyệt Internet', 'Xây dựng cơ thể và tập thể dục', 'Câu đố', 'Nhảy Bungee và Thể thao mạo hiểm', 'Xem phim']",1
47,cee13e2f-bffa-4099-a174-2abef6e1dde4,Ollie Trương,Bơi tôi thương.,33,1,180.0,17.9991,107.5456,0,-1,1,8,"['Viết blog', 'Ăn uống lành mạnh', 'Mua sắm', 'Sáng tạo nội dung', 'Đi bộ đường dài hoặc Leo núi', 'Vẽ tranh, Điêu khắc', 'Cho ăn và quan sát các loài chim địa phương', 'Thể thao dưới nước', 'Tiệc tùng', 'Làm đồ trang sức', 'Hát, sáng tác hoặc nhảy', 'Chơi bài hoặc trò chơi trên bàn', 'Sưu tầm', 'Võ thuật', 'Xây dựng cơ thể và tập thể dục', 'Săn bắn hoặc câu cá', 'Thổi gốm hoặc thủy tinh', 'Yoga hoặc thiền', 'Nấu ăn', 'Đọc sách, báo, tiểu thuyết', 'Chơi trò chơi điện tử', 'Giao lưu với Twitter, Facebook hoặc Skype', 'Xem phim']",0
48,8888d08e-e3af-473b-88a2-7cd2d8934313,Ginger Nam,Gió bốn trời nước cửa anh đồng.,29,1,196.0,14.8518,105.2803,0,-1,-1,3,"['Viết blog', 'Ăn uống lành mạnh', 'Mua sắm', 'Sáng tạo nội dung', 'Đi bộ đường dài hoặc Leo núi', 'Vẽ tranh, Điêu khắc', 'Tham gia Marathons', 'Buôn bán', 'Nghiên cứu và duyệt Internet', 'Thể thao dưới nước', 'Làm đồ trang sức', 'Hát, sáng tác hoặc nhảy', 'Chơi bài hoặc trò chơi trên bàn', 'Sưu tầm', 'Võ thuật', 'Xây dựng cơ thể và tập thể dục', 'Săn bắn hoặc câu cá', 'Thổi gốm hoặc thủy tinh', 'Trang trí nội thất', 'Thể thao mùa đông', 'Nấu ăn', 'Đọc sách, báo, tiểu thuyết', 'Chơi trò chơi điện tử', 'Câu đố', 'Nhảy Bungee và Thể thao mạo hiểm', 'Giao lưu với Twitter, Facebook hoặc Skype']",0
49,c95cd728-d180-47de-a9a1-4a595c75c7c8,Nina Minh,Ờ là hóa thì.,31,0,186.0,12.0352,103.5019,0,-1,1,0,"['Viết blog', 'Mua sắm', 'Sáng tạo nội dung', 'Cho ăn và quan sát các loài chim địa phương', 'Buôn bán', 'Thể thao dưới nước', 'Làm đồ trang sức', 'Hát, sáng tác hoặc nhảy', 'Võ thuật', 'Thổi gốm hoặc thủy tinh', 'Yoga hoặc thiền', 'Thể thao mùa đông', 'Giao lưu với Twitter, Facebook hoặc Skype']",0
50,45da2146-4b31-428b-9037-eee427b548e1,Stacy Đào,Thích tô chỉ thích đâu.,40,2,193.0,8.7859,105.9451,2,1,-1,7,"['Viết blog', 'Tiệc tùng', 'Nấu ăn', 'Câu đố']",1
51,52f1d14b-6a86-47fb-b7dd-71bf961161d9,Conrad Tiến,Quần nón viết bàn leo.,15,2,194.0,21.5953,108.5338,2,0,0,10,"['Đi bộ đường dài hoặc Leo núi', 'Cho ăn và quan sát các loài chim địa phương', 'Nghiên cứu và duyệt Internet', 'Võ thuật']",1
52,4d07eaa4-d367-41e1-9ec0-f5e766f0c155,Ramona Phú,Được bơi đồng ba không dép.,26,0,150.0,17.4333,106.4104,2,-1,1,-1,"['Ăn uống lành mạnh', 'Mua sắm', 'Sáng tạo nội dung', 'Đi bộ đường dài hoặc Leo núi', 'Vẽ tranh, Điêu khắc', 'Tham gia Marathons', 'Buôn bán', 'Nghiên cứu và duyệt Internet', 'Thể thao dưới nước', 'Tiệc tùng', 'Làm đồ trang sức', 'Hát, sáng tác hoặc nhảy', 'Chơi bài hoặc trò chơi trên bàn', 'Sưu tầm', 'Võ thuật', 'Xây dựng cơ thể và tập thể dục', 'Yoga hoặc thiền', 'Trang trí nội thất', 'Thể thao mùa đông', 'Nấu ăn', 'Đọc sách, báo, tiểu thuyết', 'Chơi trò chơi điện tử', 'Câu đố', 'Nhảy Bungee và Thể thao mạo hiểm', 'Giao lưu với Twitter, Facebook hoặc Skype', 'Xem phim']",0
53,3f412400-dec0-4bf8-bb9f-568e80a49c66,Mr. Jeanette Tiến,Bốn đập leo.,27,2,161.0,10.1597,103.0013,0,-1,0,2,"['Viết blog', 'Ăn uống lành mạnh', 'Mua sắm', 'Sáng tạo nội dung', 'Đi bộ đường dài hoặc Leo núi', 'Vẽ tranh, Điêu khắc', 'Cho ăn và quan sát các loài chim địa phương', 'Tham gia Marathons', 'Buôn bán', 'Nghiên cứu và duyệt Internet', 'Thể thao dưới nước', 'Tiệc tùng', 'Làm đồ trang sức', 'Hát, sáng tác hoặc nhảy', 'Chơi bài hoặc trò chơi trên bàn', 'Sưu tầm', 'Võ thuật', 'Xây dựng cơ thể và tập thể dục', 'Săn bắn hoặc câu cá', 'Yoga hoặc thiền', 'Trang trí nội thất', 'Thể thao mùa đông', 'Nấu ăn', 'Đọc sách, báo, tiểu thuyết', 'Chơi trò chơi điện tử', 'Câu đố', 'Nhảy Bungee và Thể thao mạo hiểm', 'Giao lưu với Twitter, Facebook hoặc Skype', 'Xem phim']",0
54,fc77e533-9e9c-4e66-8eea-4223669c422d,Eleanor Hoàng,Ừ hết nhà độc vá hai khoảng xuồng nhà bảy.,38,1,173.0,19.975,107.7137,-1,1,1,6,"['Đi bộ đường dài hoặc Leo núi', 'Tham gia Marathons', 'Hát, sáng tác hoặc nhảy', 'Sưu tầm', 'Xây dựng cơ thể và tập thể dục', 'Yoga hoặc thiền', 'Trang trí nội thất', 'Thể thao mùa đông', 'Nấu ăn', 'Chơi trò chơi điện tử', 'Xem phim']",0
55,52656ae2-8d8e-461c-ae00-3cbda6f27b51,Annette Phong I,Viết hết dép.,30,2,162.0,17.2296,103.0032,2,0,1,8,"['Viết blog', 'Ăn uống lành mạnh', 'Mua sắm', 'Sáng tạo nội dung', 'Đi bộ đường dài hoặc Leo núi', 'Vẽ tranh, Điêu khắc', 'Tham gia Marathons', 'Buôn bán', 'Nghiên cứu và duyệt Internet', 'Thể thao dưới nước', 'Tiệc tùng', 'Hát, sáng tác hoặc nhảy', 'Chơi bài hoặc trò chơi trên bàn', 'Sưu tầm', 'Võ thuật', 'Xây dựng cơ thể và tập thể dục', 'Săn bắn hoặc câu cá', 'Yoga hoặc thiền', 'Trang trí nội thất', 'Thể thao mùa đông', 'Nấu ăn', 'Chơi trò chơi điện tử', 'Câu đố', 'Nhảy Bungee và Thể thao mạo hiểm', 'Giao lưu với Twitter, Facebook hoặc Skype', 'Xem phim']",0
56,da775aae-eca7-4d2b-95fa-03123bd011dc,Saul Đỗ V,Độc ác gió ờ.,39,1,158.0,22.8023,102.7584,0,-1,-1,1,"['Ăn uống lành mạnh', 'Sáng tạo nội dung', 'Vẽ tranh, Điêu khắc', 'Tham gia Marathons', 'Hát, sáng tác hoặc nhảy', 'Sưu tầm', 'Săn bắn hoặc câu cá', 'Trang trí nội thất', 'Nấu ăn', 'Câu đố', 'Nhảy Bungee và Thể thao mạo hiểm']",0
57,c7057871-4d87-4170-8bc4-6bd65d498b7b,Alison Sinh PhD,Vẽ vàng trăng leo nha ờ cái anh xanh.,37,1,176.0,20.2601,107.5789,1,0,1,1,"['Ăn uống lành mạnh', 'Mua sắm', 'Sáng tạo nội dung', 'Đi bộ đường dài hoặc Leo núi', 'Vẽ tranh, Điêu khắc', 'Tham gia Marathons', 'Buôn bán', 'Nghiên cứu và duyệt Internet', 'Thể thao dưới nước', 'Tiệc tùng', 'Làm đồ trang sức', 'Hát, sáng tác hoặc nhảy', 'Chơi bài hoặc trò chơi trên bàn', 'Sưu tầm', 'Võ thuật', 'Xây dựng cơ thể và tập thể dục', 'Săn bắn hoặc câu cá', 'Thổi gốm hoặc thủy tinh', 'Yoga hoặc thiền', 'Trang trí nội thất', 'Thể thao mùa đông', 'Nấu ăn', 'Đọc sách, báo, tiểu thuyết', 'Chơi trò chơi điện tử', 'Câu đố', 'Nhảy Bungee và Thể thao mạo hiểm', 'Giao lưu với Twitter, Facebook hoặc Skype', 'Xem phim']",0
58,3c96602e-7b8d-44fd-813b-e28d2cd5930e,Bruce Thanh,Áo mua thuyền lầu.,17,0,194.0,20.8057,104.0815,0,2,1,4,"['Mua sắm', 'Sáng tạo nội dung', 'Cho ăn và quan sát các loài chim địa phương', 'Tham gia Marathons', 'Buôn bán', 'Nghiên cứu và duyệt Internet', 'Hát, sáng tác hoặc nhảy', 'Trang trí nội thất', 'Giao lưu với Twitter, Facebook hoặc Skype']",0
59,046b2ab0-f9de-4df9-a94f-b197470acaaf,Kristina Hồ,Ghế mây là sáu phá gì tàu khoảng.,15,1,198.0,15.1418,102.5059,0,0,0,6,"['Viết blog', 'Ăn uống lành mạnh', 'Mua sắm', 'Sáng tạo nội dung', 'Vẽ tranh, Điêu khắc', 'Cho ăn và quan sát các loài chim địa phương', 'Tham gia Marathons', 'Buôn bán', 'Nghiên cứu và duyệt Internet', 'Thể thao dưới nước', 'Tiệc tùng', 'Làm đồ trang sức', 'Hát, sáng tác hoặc nhảy', 'Chơi bài hoặc trò chơi trên bàn', 'Sưu tầm', 'Xây dựng cơ thể và tập thể dục', 'Săn bắn hoặc câu cá', 'Thổi gốm hoặc thủy tinh', 'Yoga hoặc thiền', 'Trang trí nội thất', 'Thể thao mùa đông', 'Nấu ăn', 'Đọc sách, báo, tiểu thuyết', 'Chơi trò chơi điện tử', 'Câu đố', 'Nhảy Bungee và Thể thao mạo hiểm', 'Giao lưu với Twitter, Facebook hoặc Skype', 'Xem phim']",0
60,63c1ab56-fe7f-4101-81c2-4459a4865322,Clifford Dung,Giết năm gì năm vàng thế.,18,0,186.0,9.3075,108.2453,0,0,-1,-1,"['Viết blog', 'Ăn uống lành mạnh', 'Mua sắm', 'Sáng tạo nội dung', 'Đi bộ đường dài hoặc Leo núi', 'Vẽ tranh, Điêu khắc', 'Cho ăn và quan sát các loài chim địa phương', 'Tham gia Marathons', 'Buôn bán', 'Nghiên cứu và duyệt Internet', 'Thể thao dưới nước', 'Tiệc tùng', 'Hát, sáng tác hoặc nhảy', 'Chơi bài hoặc trò chơi trên bàn', 'Sưu tầm', 'Võ thuật', 'Xây dựng cơ thể và tập thể dục', 'Thổi gốm hoặc thủy tinh', 'Yoga hoặc thiền', 'Trang trí nội thất', 'Thể thao mùa đông', 'Nấu ăn', 'Đọc sách, báo, tiểu thuyết', 'Chơi trò chơi điện tử', 'Câu đố', 'Nhảy Bungee và Thể thao mạo hiểm', 'Giao lưu với Twitter, Facebook hoặc Skype', 'Xem phim']",0
61,c2915162-347f-43f1-8b32-6b38a17afe55,James Đinh,Đạp năm chìm đập con thôi.,36,2,153.0,11.8766,106.4337,2,2,-1,6,"['Viết blog', 'Sáng tạo nội dung', 'Đi bộ đường dài hoặc Leo núi', 'Vẽ tranh, Điêu khắc', 'Cho ăn và quan sát các loài chim địa phương', 'Nghiên cứu và duyệt Internet', 'Tiệc tùng', 'Hát, sáng tác hoặc nhảy', 'Võ thuật', 'Xây dựng cơ thể và tập thể dục', 'Yoga hoặc thiền', 'Trang trí nội thất', 'Đọc sách, báo, tiểu thuyết', 'Nhảy Bungee và Thể thao mạo hiểm', 'Giao lưu với Twitter, Facebook hoặc Skype', 'Xem phim']",0
62,46e9ff73-6cd7-4483-bdf4-7cf6df26faaa,Sabrina Nhàn,Đồng chìm đạp bơi hàng vàng.,35,0,163.0,19.827,105.2778,-1,1,1,7,"['Tiệc tùng', 'Làm đồ trang sức', 'Chơi bài hoặc trò chơi trên bàn', 'Xây dựng cơ thể và tập thể dục', 'Thổi gốm hoặc thủy tinh', 'Yoga hoặc thiền', 'Thể thao mùa đông', 'Câu đố', 'Giao lưu với Twitter, Facebook hoặc Skype']",1
63,37be00bc-8c56-4aef-a378-14352a8dacfa,Tom Nhung,Anh biển giết việc quần.,28,0,176.0,11.6549,103.0837,0,1,-1,10,"['Viết blog', 'Mua sắm', 'Sáng tạo nội dung', 'Đi bộ đường dài hoặc Leo núi', 'Cho ăn và quan sát các loài chim địa phương', 'Tham gia Marathons', 'Buôn bán', 'Tiệc tùng', 'Làm đồ trang sức', 'Hát, sáng tác hoặc nhảy', 'Sưu tầm', 'Xây dựng cơ thể và tập thể dục', 'Săn bắn hoặc câu cá', 'Thể thao mùa đông', 'Nấu ăn', 'Đọc sách, báo, tiểu thuyết', 'Chơi trò chơi điện tử', 'Nhảy Bungee và Thể thao mạo hiểm', 'Giao lưu với Twitter, Facebook hoặc Skype', 'Xem phim']",0
64,fc59971a-ef95-46eb-bb5c-ec7a5f563a18,Christian Cường,Yêu đá quần.,25,0,178.0,10.5798,107.1768,-1,-1,-1,9,"['Viết blog', 'Ăn uống lành mạnh', 'Mua sắm', 'Vẽ tranh, Điêu khắc', 'Cho ăn và quan sát các loài chim địa phương', 'Buôn bán', 'Nghiên cứu và duyệt Internet', 'Tiệc tùng', 'Hát, sáng tác hoặc nhảy', 'Chơi bài hoặc trò chơi trên bàn', 'Sưu tầm', 'Võ thuật', 'Xây dựng cơ thể và tập thể dục', 'Săn bắn hoặc câu cá', 'Thổi gốm hoặc thủy tinh', 'Yoga hoặc thiền', 'Thể thao mùa đông', 'Nấu ăn', 'Đọc sách, báo, tiểu thuyết', 'Chơi trò chơi điện tử', 'Câu đố', 'Nhảy Bungee và Thể thao mạo hiểm', 'Giao lưu với Twitter, Facebook hoặc Skype', 'Xem phim']",0
65,cd84c4a5-d5be-4199-8dc0-74c1c43b96ba,Sonia Thu,Hết mướn tôi đỏ.,31,0,184.0,21.5377,106.7536,0,1,-1,4,"['Viết blog', 'Ăn uống lành mạnh', 'Mua sắm', 'Sáng tạo nội dung', 'Vẽ tranh, Điêu khắc', 'Cho ăn và quan sát các loài chim địa phương', 'Buôn bán', 'Nghiên cứu và duyệt Internet', 'Tiệc tùng', 'Hát, sáng tác hoặc nhảy', 'Sưu tầm', 'Săn bắn hoặc câu cá', 'Yoga hoặc thiền', 'Thể thao mùa đông', 'Nấu ăn', 'Đọc sách, báo, tiểu thuyết', 'Chơi trò chơi điện tử', 'Nhảy Bungee và Thể thao mạo hiểm', 'Giao lưu với Twitter, Facebook hoặc Skype', 'Xem phim']",0
66,b869d1d6-af5e-4dab-8ab4-43b66a3b3a55,Gladys Khang,Hương ờ làm đồng nước lầu em.,19,0,200.0,8.831,106.2003,1,-1,0,8,"['Viết blog', 'Cho ăn và quan sát các loài chim địa phương', 'Xây dựng cơ thể và tập thể dục', 'Thổi gốm hoặc thủy tinh', 'Thể thao mùa đông']",1
67,7b2ea145-9a74-4fa1-ad4f-015a5786a223,Sean Trương,Được ờ nước được ừ mười nước biết em.,19,2,187.0,13.4367,108.9587,1,1,-1,0,"['Viết blog', 'Buôn bán', 'Xây dựng cơ thể và tập thể dục', 'Săn bắn hoặc câu cá', 'Chơi trò chơi điện tử', 'Nhảy Bungee và Thể thao mạo hiểm']",1
68,ee76c4ff-efa0-4cb3-b451-ab8bfacd93eb,Lola Đỗ,Ngọt cái mười mướn.,29,2,151.0,18.6251,106.0477,2,2,1,3,['Làm đồ trang sức'],1
69,b5e6c246-00be-4e47-b115-d581de0d6a8c,Gary Dung,Mượn ghế nhà ghét quần tui hai.,14,2,167.0,16.6329,107.3095,-1,2,1,0,['Chơi trò chơi điện tử'],1
70,3bfddbbb-efe5-4c6a-9e1a-e1f9b46b33e3,Guy Thu,Anh đá thích thích.,29,2,171.0,13.4519,106.0408,2,2,0,4,"['Viết blog', 'Ăn uống lành mạnh', 'Mua sắm', 'Sáng tạo nội dung', 'Đi bộ đường dài hoặc Leo núi', 'Vẽ tranh, Điêu khắc', 'Cho ăn và quan sát các loài chim địa phương', 'Tham gia Marathons', 'Buôn bán', 'Thể thao dưới nước', 'Tiệc tùng', 'Làm đồ trang sức', 'Hát, sáng tác hoặc nhảy', 'Chơi bài hoặc trò chơi trên bàn', 'Sưu tầm', 'Võ thuật', 'Xây dựng cơ thể và tập thể dục', 'Săn bắn hoặc câu cá', 'Thổi gốm hoặc thủy tinh', 'Yoga hoặc thiền', 'Trang trí nội thất', 'Thể thao mùa đông', 'Nấu ăn', 'Đọc sách, báo, tiểu thuyết', 'Chơi trò chơi điện tử', 'Câu đố', 'Nhảy Bungee và Thể thao mạo hiểm', 'Giao lưu với Twitter, Facebook hoặc Skype', 'Xem phim']",0
71,29cc48ab-fd1e-428a-86b0-3f0cd31c9933,Jean Bửu,Việc viết tôi là mua ngọt đồng trăng là mua.,31,0,159.0,22.6931,102.9477,2,0,-1,5,"['Viết blog', 'Ăn uống lành mạnh', 'Mua sắm', 'Cho ăn và quan sát các loài chim địa phương', 'Tham gia Marathons', 'Buôn bán', 'Sưu tầm', 'Thể thao mùa đông', 'Đọc sách, báo, tiểu thuyết', 'Giao lưu với Twitter, Facebook hoặc Skype', 'Xem phim']",1
72,4e09f519-9f7f-47e7-bcc4-481859650062,Wade Bùi,Đánh quê may tô tủ đạp xanh gió nhà tám.,12,2,172.0,14.2674,103.7034,-1,1,-1,9,"['Ăn uống lành mạnh', 'Đi bộ đường dài hoặc Leo núi', 'Cho ăn và quan sát các loài chim địa phương', 'Buôn bán', 'Thể thao dưới nước', 'Tiệc tùng', 'Hát, sáng tác hoặc nhảy', 'Chơi bài hoặc trò chơi trên bàn', 'Võ thuật', 'Xây dựng cơ thể và tập thể dục', 'Săn bắn hoặc câu cá', 'Thổi gốm hoặc thủy tinh', 'Trang trí nội thất', 'Chơi trò chơi điện tử', 'Câu đố', 'Nhảy Bungee và Thể thao mạo hiểm', 'Giao lưu với Twitter, Facebook hoặc Skype', 'Xem phim']",0
73,45ed0217-faa0-43ea-8740-521b212d1b15,Wayne Phan IV,Một thôi hàng đâu bàn ờ đâu đang.,35,1,156.0,17.3538,104.9673,0,0,-1,4,[],1
74,9475a462-3b4f-46a7-b6b0-13bc87411b01,Harry Vương,Một ghế leo máy bàn quần yêu.,24,1,197.0,9.2282,104.7447,0,1,-1,0,"['Cho ăn và quan sát các loài chim địa phương', 'Buôn bán', 'Làm đồ trang sức', 'Chơi bài hoặc trò chơi trên bàn', 'Nấu ăn', 'Giao lưu với Twitter, Facebook hoặc Skype']",1
75,8c76dca6-60a6-4970-8350-a862f12ee65e,Beulah Tuân,Ruộng máy nha đánh.,26,1,188.0,8.7951,108.1405,2,2,1,-1,"['Viết blog', 'Mua sắm', 'Sáng tạo nội dung', 'Đi bộ đường dài hoặc Leo núi', 'Vẽ tranh, Điêu khắc', 'Cho ăn và quan sát các loài chim địa phương', 'Buôn bán', 'Nghiên cứu và duyệt Internet', 'Thể thao dưới nước', 'Hát, sáng tác hoặc nhảy', 'Chơi bài hoặc trò chơi trên bàn', 'Sưu tầm', 'Võ thuật', 'Săn bắn hoặc câu cá', 'Yoga hoặc thiền', 'Trang trí nội thất', 'Đọc sách, báo, tiểu thuyết', 'Câu đố', 'Xem phim']",0
76,0d04747a-cc23-44c9-aa4e-d382fc04ba7a,Miss Angelina Cường,Dép chỉ sáu.,32,1,163.0,21.9995,103.2969,-1,2,-1,2,"['Mua sắm', 'Tham gia Marathons', 'Buôn bán', 'Làm đồ trang sức', 'Thể thao mùa đông', 'Nấu ăn']",1
77,619f17ad-85b9-4522-a91c-96fa1987454c,Julian Hoàng,Bơi viết con xanh thì.,25,0,196.0,13.0095,107.9533,2,2,-1,9,"['Mua sắm', 'Sáng tạo nội dung', 'Đi bộ đường dài hoặc Leo núi', 'Cho ăn và quan sát các loài chim địa phương', 'Tham gia Marathons', 'Nghiên cứu và duyệt Internet', 'Thể thao dưới nước', 'Làm đồ trang sức', 'Hát, sáng tác hoặc nhảy', 'Chơi bài hoặc trò chơi trên bàn', 'Xây dựng cơ thể và tập thể dục', 'Săn bắn hoặc câu cá', 'Nấu ăn', 'Đọc sách, báo, tiểu thuyết', 'Chơi trò chơi điện tử', 'Câu đố', 'Nhảy Bungee và Thể thao mạo hiểm', 'Xem phim']",0
78,6f9ad7f5-e802-4d57-b6c7-307d22dcdd06,Pete Khang,Ghế thôi đập tô em biển là.,40,1,175.0,12.1638,108.0649,0,0,1,8,"['Viết blog', 'Ăn uống lành mạnh', 'Mua sắm', 'Sáng tạo nội dung', 'Đi bộ đường dài hoặc Leo núi', 'Vẽ tranh, Điêu khắc', 'Cho ăn và quan sát các loài chim địa phương', 'Tham gia Marathons', 'Buôn bán', 'Nghiên cứu và duyệt Internet', 'Tiệc tùng', 'Làm đồ trang sức', 'Hát, sáng tác hoặc nhảy', 'Chơi bài hoặc trò chơi trên bàn', 'Sưu tầm', 'Võ thuật', 'Săn bắn hoặc câu cá', 'Thổi gốm hoặc thủy tinh', 'Yoga hoặc thiền', 'Thể thao mùa đông', 'Nấu ăn', 'Đọc sách, báo, tiểu thuyết', 'Chơi trò chơi điện tử', 'Câu đố', 'Nhảy Bungee và Thể thao mạo hiểm', 'Giao lưu với Twitter, Facebook hoặc Skype']",0
79,3e00e193-3adb-4412-a730-d36bb65efa36,Mercedes Tăng,Gió ờ quần quần ghét yêu tui ba xuồng.,34,2,165.0,12.1899,103.1282,-1,-1,-1,5,"['Viết blog', 'Ăn uống lành mạnh', 'Mua sắm', 'Sáng tạo nội dung', 'Đi bộ đường dài hoặc Leo núi', 'Vẽ tranh, Điêu khắc', 'Cho ăn và quan sát các loài chim địa phương', 'Tham gia Marathons', 'Buôn bán', 'Nghiên cứu và duyệt Internet', 'Thể thao dưới nước', 'Tiệc tùng', 'Làm đồ trang sức', 'Hát, sáng tác hoặc nhảy', 'Võ thuật', 'Săn bắn hoặc câu cá', 'Thổi gốm hoặc thủy tinh', 'Yoga hoặc thiền', 'Trang trí nội thất', 'Nấu ăn', 'Đọc sách, báo, tiểu thuyết', 'Chơi trò chơi điện tử', 'Nhảy Bungee và Thể thao mạo hiểm', 'Giao lưu với Twitter, Facebook hoặc Skype', 'Xem phim']",0
80,54870247-08a6-43ad-899c-154b3e745248,Dr. Alyssa Vương,Tô tàu chỉ em hàng ừ chìm.,37,2,174.0,19.9247,109.3544,-1,1,-1,8,"['Viết blog', 'Sáng tạo nội dung', 'Đi bộ đường dài hoặc Leo núi', 'Vẽ tranh, Điêu khắc', 'Cho ăn và quan sát các loài chim địa phương', 'Buôn bán', 'Nghiên cứu và duyệt Internet', 'Tiệc tùng', 'Sưu tầm', 'Võ thuật', 'Xây dựng cơ thể và tập thể dục', 'Săn bắn hoặc câu cá', 'Thổi gốm hoặc thủy tinh', 'Yoga hoặc thiền', 'Thể thao mùa đông', 'Nấu ăn', 'Đọc sách, báo, tiểu thuyết', 'Câu đố', 'Giao lưu với Twitter, Facebook hoặc Skype', 'Xem phim']",0
81,5be725a2-45a1-40db-8bbe-b023b3dcf4db,Veronica Dung,Tủ nhà tủ đạp.,38,0,157.0,23.1454,102.8891,1,2,-1,7,"['Viết blog', 'Ăn uống lành mạnh', 'Mua sắm', 'Sáng tạo nội dung', 'Đi bộ đường dài hoặc Leo núi', 'Vẽ tranh, Điêu khắc', 'Cho ăn và quan sát các loài chim địa phương', 'Tham gia Marathons', 'Buôn bán', 'Tiệc tùng', 'Làm đồ trang sức', 'Hát, sáng tác hoặc nhảy', 'Chơi bài hoặc trò chơi trên bàn', 'Võ thuật', 'Săn bắn hoặc câu cá', 'Thổi gốm hoặc thủy tinh', 'Yoga hoặc thiền', 'Trang trí nội thất', 'Nấu ăn', 'Chơi trò chơi điện tử', 'Câu đố', 'Giao lưu với Twitter, Facebook hoặc Skype']",0
82,d74bcbe3-6f4b-4b8f-aabc-ace8d3dc71ff,Marvin Hải,Chết kim mây thế.,16,2,192.0,14.2425,104.5759,-1,1,-1,8,"['Cho ăn và quan sát các loài chim địa phương', 'Nghiên cứu và duyệt Internet', 'Chơi trò chơi điện tử']",1
83,4ed6e5a8-02c7-43ac-ba63-0447931cbb4b,Irvin Tâm,Khâu khoảng yêu hết hai hết chìm vàng đồng.,25,0,160.0,15.9763,102.4409,-1,-1,1,6,"['Ăn uống lành mạnh', 'Mua sắm', 'Sáng tạo nội dung', 'Đi bộ đường dài hoặc Leo núi', 'Vẽ tranh, Điêu khắc', 'Cho ăn và quan sát các loài chim địa phương', 'Tham gia Marathons', 'Nghiên cứu và duyệt Internet', 'Thể thao dưới nước', 'Tiệc tùng', 'Hát, sáng tác hoặc nhảy', 'Chơi bài hoặc trò chơi trên bàn', 'Võ thuật', 'Xây dựng cơ thể và tập thể dục', 'Săn bắn hoặc câu cá', 'Yoga hoặc thiền', 'Trang trí nội thất', 'Nấu ăn', 'Đọc sách, báo, tiểu thuyết', 'Chơi trò chơi điện tử', 'Nhảy Bungee và Thể thao mạo hiểm', 'Giao lưu với Twitter, Facebook hoặc Skype', 'Xem phim']",0
84,fc2876d1-f8c6-43cf-9b1d-dffbfd93ce6e,Miss Lionel Sơn,Nghỉ sáu em sáu.,25,2,174.0,22.0489,104.7469,0,-1,-1,3,"['Viết blog', 'Mua sắm', 'Tiệc tùng', 'Hát, sáng tác hoặc nhảy', 'Sưu tầm', 'Võ thuật', 'Xây dựng cơ thể và tập thể dục', 'Săn bắn hoặc câu cá', 'Thổi gốm hoặc thủy tinh', 'Yoga hoặc thiền', 'Trang trí nội thất', 'Thể thao mùa đông', 'Nấu ăn', 'Chơi trò chơi điện tử', 'Nhảy Bungee và Thể thao mạo hiểm', 'Giao lưu với Twitter, Facebook hoặc Skype', 'Xem phim']",0
85,e632231e-a6ef-4283-856a-cff1eaaf4b0d,Glen Thủy,Hương ghét cái vẽ đạp đỏ vẽ thôi mượn.,14,2,150.0,17.6582,104.5572,-1,1,1,0,"['Viết blog', 'Sáng tạo nội dung', 'Đi bộ đường dài hoặc Leo núi', 'Vẽ tranh, Điêu khắc', 'Cho ăn và quan sát các loài chim địa phương', 'Buôn bán', 'Nghiên cứu và duyệt Internet', 'Tiệc tùng', 'Hát, sáng tác hoặc nhảy', 'Chơi bài hoặc trò chơi trên bàn', 'Sưu tầm', 'Xây dựng cơ thể và tập thể dục', 'Thổi gốm hoặc thủy tinh', 'Yoga hoặc thiền', 'Trang trí nội thất', 'Thể thao mùa đông', 'Nấu ăn', 'Đọc sách, báo, tiểu thuyết', 'Câu đố', 'Nhảy Bungee và Thể thao mạo hiểm']",0
86,08e2b4d2-6605-4c0c-b51d-943338a98e37,Ronnie Phan,Máy chỉ bảy giày lầu.,18,1,180.0,23.3919,106.3848,-1,0,-1,3,"['Viết blog', 'Ăn uống lành mạnh', 'Mua sắm', 'Sáng tạo nội dung', 'Đi bộ đường dài hoặc Leo núi', 'Vẽ tranh, Điêu khắc', 'Cho ăn và quan sát các loài chim địa phương', 'Tham gia Marathons', 'Buôn bán', 'Nghiên cứu và duyệt Internet', 'Thể thao dưới nước', 'Tiệc tùng', 'Làm đồ trang sức', 'Hát, sáng tác hoặc nhảy', 'Sưu tầm', 'Võ thuật', 'Xây dựng cơ thể và tập thể dục', 'Săn bắn hoặc câu cá', 'Thổi gốm hoặc thủy tinh', 'Yoga hoặc thiền', 'Trang trí nội thất', 'Thể thao mùa đông', 'Nấu ăn', 'Đọc sách, báo, tiểu thuyết', 'Chơi trò chơi điện tử', 'Câu đố', 'Nhảy Bungee và Thể thao mạo hiểm', 'Giao lưu với Twitter, Facebook hoặc Skype', 'Xem phim']",0
87,48b093c0-8346-4cc5-9966-357acc07d7da,Minnie Khang,Thì khoan vàng tàu khoảng.,22,0,158.0,9.4003,102.9373,1,2,0,-1,"['Ăn uống lành mạnh', 'Mua sắm', 'Đi bộ đường dài hoặc Leo núi', 'Vẽ tranh, Điêu khắc', 'Cho ăn và quan sát các loài chim địa phương', 'Buôn bán', 'Nghiên cứu và duyệt Internet', 'Tiệc tùng', 'Làm đồ trang sức', 'Hát, sáng tác hoặc nhảy', 'Xây dựng cơ thể và tập thể dục', 'Săn bắn hoặc câu cá', 'Thổi gốm hoặc thủy tinh', 'Yoga hoặc thiền', 'Trang trí nội thất', 'Thể thao mùa đông', 'Đọc sách, báo, tiểu thuyết', 'Câu đố', 'Nhảy Bungee và Thể thao mạo hiểm', 'Xem phim']",0
88,1bbc58d5-c6fb-4498-9691-2e8749e56e48,Miss Rita Tuân,Đánh làm tím ừ lầu.,28,2,186.0,22.121,107.3945,2,0,1,-1,"['Thể thao dưới nước', 'Tiệc tùng', 'Thể thao mùa đông', 'Nấu ăn', 'Câu đố']",1
89,fd9d6c4d-a36f-4734-ac8f-e69b51924602,Ronald Nguyễn,Hết máy hai là dép bảy ác anh mua làm.,38,1,162.0,14.8501,108.9798,-1,2,-1,10,"['Viết blog', 'Mua sắm', 'Sáng tạo nội dung', 'Đi bộ đường dài hoặc Leo núi', 'Cho ăn và quan sát các loài chim địa phương', 'Tham gia Marathons', 'Buôn bán', 'Nghiên cứu và duyệt Internet', 'Thể thao dưới nước', 'Làm đồ trang sức', 'Hát, sáng tác hoặc nhảy', 'Chơi bài hoặc trò chơi trên bàn', 'Sưu tầm', 'Võ thuật', 'Xây dựng cơ thể và tập thể dục', 'Săn bắn hoặc câu cá', 'Thổi gốm hoặc thủy tinh', 'Yoga hoặc thiền', 'Nấu ăn', 'Đọc sách, báo, tiểu thuyết', 'Chơi trò chơi điện tử', 'Câu đố', 'Nhảy Bungee và Thể thao mạo hiểm', 'Giao lưu với Twitter, Facebook hoặc Skype', 'Xem phim']",0
90,5479725e-092e-4068-9882-22424a6ea0a5,Rudolph Khang,Em phá bảy vàng mười.,26,1,186.0,10.323,102.51,1,0,0,-1,"['Viết blog', 'Ăn uống lành mạnh', 'Sáng tạo nội dung', 'Đi bộ đường dài hoặc Leo núi', 'Vẽ tranh, Điêu khắc', 'Cho ăn và quan sát các loài chim địa phương', 'Tham gia Marathons', 'Buôn bán', 'Nghiên cứu và duyệt Internet', 'Thể thao dưới nước', 'Tiệc tùng', 'Làm đồ trang sức', 'Hát, sáng tác hoặc nhảy', 'Chơi bài hoặc trò chơi trên bàn', 'Sưu tầm', 'Xây dựng cơ thể và tập thể dục', 'Săn bắn hoặc câu cá', 'Thổi gốm hoặc thủy tinh', 'Yoga hoặc thiền', 'Trang trí nội thất', 'Chơi trò chơi điện tử', 'Câu đố', 'Giao lưu với Twitter, Facebook hoặc Skype', 'Xem phim']",0
91,a9e4e08b-288f-43df-ab16-0cd2b70a50e9,Shirley Hòa,Vá ba vẽ tàu quê ruộng đồng bơi khoảng.,34,0,167.0,9.8714,102.3258,0,-1,1,4,"['Sáng tạo nội dung', 'Buôn bán', 'Sưu tầm', 'Yoga hoặc thiền', 'Chơi trò chơi điện tử', 'Câu đố', 'Giao lưu với Twitter, Facebook hoặc Skype']",1
92,a55e4481-7c57-441f-aa0f-3323f04585d4,Krista Trần III,Nhà thuyền vá em kim em máy anh tui.,32,0,193.0,22.2333,103.4054,2,1,0,5,"['Ăn uống lành mạnh', 'Sáng tạo nội dung', 'Đi bộ đường dài hoặc Leo núi', 'Nghiên cứu và duyệt Internet', 'Làm đồ trang sức', 'Hát, sáng tác hoặc nhảy', 'Sưu tầm', 'Võ thuật', 'Săn bắn hoặc câu cá', 'Yoga hoặc thiền', 'Trang trí nội thất', 'Câu đố', 'Nhảy Bungee và Thể thao mạo hiểm']",0
93,8145ffcb-12b9-4309-a0d0-919f9b9edf35,Micheal Thủy,Thuê vá vẽ giày xuồng ghét giày sáu quê.,16,0,180.0,19.0263,107.9236,-1,1,1,4,"['Mua sắm', 'Chơi bài hoặc trò chơi trên bàn', 'Võ thuật', 'Xây dựng cơ thể và tập thể dục', 'Yoga hoặc thiền', 'Thể thao mùa đông', 'Chơi trò chơi điện tử', 'Xem phim']",1
94,b9af4612-b42d-414c-a57e-fb28ab4e481d,Ms. Lynn Tô,Biển hóa máy núi leo gió bơi.,24,0,164.0,14.9787,102.8758,-1,0,0,1,"['Đi bộ đường dài hoặc Leo núi', 'Cho ăn và quan sát các loài chim địa phương', 'Tham gia Marathons', 'Buôn bán', 'Võ thuật']",1
95,4f757e6b-60c8-4010-a047-8453e56b0d31,Mandy Nam,Thương cửa bốn đạp xe biển hàng mướn.,35,1,158.0,12.880700000000001,102.4323,-1,2,-1,8,[],1
96,a236b650-0abe-45b9-aeaa-d85a07c2fbe6,Marion Lâm,Năm chỉ xuồng tô được khâu bảy.,20,2,160.0,9.0995,106.0317,2,2,-1,1,"['Viết blog', 'Ăn uống lành mạnh', 'Mua sắm', 'Sáng tạo nội dung', 'Đi bộ đường dài hoặc Leo núi', 'Vẽ tranh, Điêu khắc', 'Cho ăn và quan sát các loài chim địa phương', 'Tham gia Marathons', 'Buôn bán', 'Nghiên cứu và duyệt Internet', 'Thể thao dưới nước', 'Tiệc tùng', 'Hát, sáng tác hoặc nhảy', 'Chơi bài hoặc trò chơi trên bàn', 'Sưu tầm', 'Võ thuật', 'Xây dựng cơ thể và tập thể dục', 'Săn bắn hoặc câu cá', 'Thổi gốm hoặc thủy tinh', 'Yoga hoặc thiền', 'Trang trí nội thất', 'Thể thao mùa đông', 'Nấu ăn', 'Đọc sách, báo, tiểu thuyết', 'Câu đố', 'Nhảy Bungee và Thể thao mạo hiểm', 'Giao lưu với Twitter, Facebook hoặc Skype', 'Xem phim']",0
97,c22ba31d-95ae-41e6-878a-63699d69b8ab,Jesse Ngô,Thuyền bơi thuê tủ hàng hương thuê thương ngọt.,15,2,161.0,16.3666,105.975,1,0,1,6,"['Viết blog', 'Mua sắm', 'Đi bộ đường dài hoặc Leo núi', 'Vẽ tranh, Điêu khắc', 'Cho ăn và quan sát các loài chim địa phương', 'Tham gia Marathons', 'Buôn bán', 'Làm đồ trang sức', 'Hát, sáng tác hoặc nhảy', 'Chơi bài hoặc trò chơi trên bàn', 'Xây dựng cơ thể và tập thể dục', 'Thổi gốm hoặc thủy tinh', 'Yoga hoặc thiền', 'Câu đố', 'Nhảy Bungee và Thể thao mạo hiểm']",0
98,93f04669-e7f3-4994-9d96-0e0272e43ecd,Corey Như PhD,Thì bốn trời chín đá xe vẽ làm phá thích.,30,2,159.0,15.2792,105.145,0,-1,-1,6,"['Vẽ tranh, Điêu khắc', 'Làm đồ trang sức']",1
99,b4d17364-c80c-4004-84da-261c91c471f3,Faith Vũ,Bơi đồng cái tàu xuồng.,31,2,181.0,12.6258,102.8938,1,2,-1,1,"['Viết blog', 'Ăn uống lành mạnh', 'Sáng tạo nội dung', 'Đi bộ đường dài hoặc Leo núi', 'Vẽ tranh, Điêu khắc', 'Cho ăn và quan sát các loài chim địa phương', 'Tham gia Marathons', 'Buôn bán', 'Nghiên cứu và duyệt Internet', 'Thể thao dưới nước', 'Tiệc tùng', 'Làm đồ trang sức', 'Hát, sáng tác hoặc nhảy', 'Chơi bài hoặc trò chơi trên bàn', 'Sưu tầm', 'Võ thuật', 'Xây dựng cơ thể và tập thể dục', 'Săn bắn hoặc câu cá', 'Thổi gốm hoặc thủy tinh', 'Yoga hoặc thiền', 'Trang trí nội thất', 'Thể thao mùa đông', 'Nấu ăn', 'Đọc sách, báo, tiểu thuyết', 'Câu đố', 'Nhảy Bungee và Thể thao mạo hiểm', 'Giao lưu với Twitter, Facebook hoặc Skype', 'Xem phim']",0
100,26ac1f3a-eefc-432f-b292-23fe5e33fc1d,Douglas Kha,Thương hóa biển sáu không kim.,17,1,153.0,18.8481,109.3115,2,-1,1,4,"['Viết blog', 'Mua sắm', 'Tham gia Marathons', 'Buôn bán', 'Làm đồ trang sức', 'Chơi bài hoặc trò chơi trên bàn', 'Sưu tầm', 'Xây dựng cơ thể và tập thể dục', 'Thổi gốm hoặc thủy tinh', 'Trang trí nội thất', 'Đọc sách, báo, tiểu thuyết', 'Câu đố', 'Giao lưu với Twitter, Facebook hoặc Skype']",1
101,2a182a88-cffb-4204-98d4-66387968f3ac,Virginia Lê,Thích ruộng ác thôi.,38,0,192.0,13.9655,103.5556,2,-1,0,6,"['Ăn uống lành mạnh', 'Mua sắm', 'Sáng tạo nội dung', 'Đi bộ đường dài hoặc Leo núi', 'Vẽ tranh, Điêu khắc', 'Cho ăn và quan sát các loài chim địa phương', 'Tham gia Marathons', 'Buôn bán', 'Thể thao dưới nước', 'Tiệc tùng', 'Làm đồ trang sức', 'Hát, sáng tác hoặc nhảy', 'Chơi bài hoặc trò chơi trên bàn', 'Sưu tầm', 'Võ thuật', 'Xây dựng cơ thể và tập thể dục', 'Săn bắn hoặc câu cá', 'Thổi gốm hoặc thủy tinh', 'Yoga hoặc thiền', 'Trang trí nội thất', 'Thể thao mùa đông', 'Nấu ăn', 'Đọc sách, báo, tiểu thuyết', 'Câu đố', 'Nhảy Bungee và Thể thao mạo hiểm', 'Giao lưu với Twitter, Facebook hoặc Skype', 'Xem phim']",0
102,517c6eee-5e7c-4540-9f25-1d686534d280,Ms. Francis Văn,Cái tô đã vẽ tím ruộng biển phá bảy á.,19,1,199.0,14.0263,108.5013,-1,1,1,10,"['Cho ăn và quan sát các loài chim địa phương', 'Thể thao dưới nước', 'Hát, sáng tác hoặc nhảy', 'Sưu tầm', 'Võ thuật', 'Thể thao mùa đông', 'Giao lưu với Twitter, Facebook hoặc Skype']",1
103,27f2719c-65cd-4d72-b16c-cb8587a597d6,Matthew Triệu,Gì là tám làm ờ.,20,2,155.0,15.7712,103.159,0,-1,-1,9,"['Viết blog', 'Ăn uống lành mạnh', 'Mua sắm', 'Sáng tạo nội dung', 'Đi bộ đường dài hoặc Leo núi', 'Vẽ tranh, Điêu khắc', 'Cho ăn và quan sát các loài chim địa phương', 'Tham gia Marathons', 'Buôn bán', 'Nghiên cứu và duyệt Internet', 'Tiệc tùng', 'Làm đồ trang sức', 'Hát, sáng tác hoặc nhảy', 'Chơi bài hoặc trò chơi trên bàn', 'Sưu tầm', 'Võ thuật', 'Xây dựng cơ thể và tập thể dục', 'Săn bắn hoặc câu cá', 'Thổi gốm hoặc thủy tinh', 'Yoga hoặc thiền', 'Trang trí nội thất', 'Thể thao mùa đông', 'Nấu ăn', 'Đọc sách, báo, tiểu thuyết', 'Chơi trò chơi điện tử', 'Nhảy Bungee và Thể thao mạo hiểm', 'Giao lưu với Twitter, Facebook hoặc Skype', 'Xem phim']",0
104,97718c6d-4b9b-4cbb-b7bd-7258f521d285,Sonia Khoa,Hàng cái đánh đồng.,17,2,169.0,23.1529,106.7197,0,-1,0,4,"['Buôn bán', 'Làm đồ trang sức', 'Chơi trò chơi điện tử', 'Câu đố']",1
105,b68bc6be-aff4-4caf-ae6d-e966c7c8f6e8,Deborah Sa,Bàn thì tủ con ghét hết tui.,19,2,161.0,19.7788,107.5841,1,1,0,1,"['Viết blog', 'Ăn uống lành mạnh', 'Mua sắm', 'Sáng tạo nội dung', 'Đi bộ đường dài hoặc Leo núi', 'Vẽ tranh, Điêu khắc', 'Cho ăn và quan sát các loài chim địa phương', 'Tham gia Marathons', 'Nghiên cứu và duyệt Internet', 'Thể thao dưới nước', 'Làm đồ trang sức', 'Hát, sáng tác hoặc nhảy', 'Sưu tầm', 'Võ thuật', 'Xây dựng cơ thể và tập thể dục', 'Săn bắn hoặc câu cá', 'Thổi gốm hoặc thủy tinh', 'Yoga hoặc thiền', 'Trang trí nội thất', 'Thể thao mùa đông', 'Đọc sách, báo, tiểu thuyết', 'Chơi trò chơi điện tử', 'Câu đố', 'Nhảy Bungee và Thể thao mạo hiểm', 'Giao lưu với Twitter, Facebook hoặc Skype']",0
106,3f8b6d08-225f-4660-aa89-0e712f4442e1,Elias Dung,Biết áo một quê biển gió.,31,2,164.0,16.3132,102.5236,-1,-1,0,4,"['Viết blog', 'Mua sắm', 'Vẽ tranh, Điêu khắc', 'Tham gia Marathons', 'Buôn bán', 'Thể thao dưới nước', 'Tiệc tùng', 'Làm đồ trang sức', 'Sưu tầm', 'Võ thuật', 'Yoga hoặc thiền', 'Thể thao mùa đông', 'Nấu ăn', 'Chơi trò chơi điện tử', 'Nhảy Bungee và Thể thao mạo hiểm', 'Giao lưu với Twitter, Facebook hoặc Skype', 'Xem phim']",1
107,ed1d3514-5158-4b4a-9682-2f28863be23c,Orlando Ngọc,Mười thương chín lỗi giết đạp vá.,34,0,169.0,11.8317,105.3225,2,1,-1,9,"['Viết blog', 'Sáng tạo nội dung', 'Đi bộ đường dài hoặc Leo núi', 'Vẽ tranh, Điêu khắc', 'Cho ăn và quan sát các loài chim địa phương', 'Tham gia Marathons', 'Buôn bán', 'Nghiên cứu và duyệt Internet', 'Thể thao dưới nước', 'Tiệc tùng', 'Hát, sáng tác hoặc nhảy', 'Chơi bài hoặc trò chơi trên bàn', 'Võ thuật', 'Xây dựng cơ thể và tập thể dục', 'Săn bắn hoặc câu cá', 'Thổi gốm hoặc thủy tinh', 'Yoga hoặc thiền', 'Trang trí nội thất', 'Thể thao mùa đông', 'Nấu ăn', 'Đọc sách, báo, tiểu thuyết', 'Chơi trò chơi điện tử', 'Câu đố', 'Nhảy Bungee và Thể thao mạo hiểm', 'Giao lưu với Twitter, Facebook hoặc Skype', 'Xem phim']",0
108,e8813246-b8a6-45c5-a2de-df8a1f2aebbc,Toby Phú,Nha chết núi.,19,0,172.0,20.5372,103.3413,0,2,-1,4,"['Đi bộ đường dài hoặc Leo núi', 'Cho ăn và quan sát các loài chim địa phương', 'Buôn bán', 'Tiệc tùng', 'Hát, sáng tác hoặc nhảy', 'Chơi bài hoặc trò chơi trên bàn', 'Xây dựng cơ thể và tập thể dục', 'Thổi gốm hoặc thủy tinh', 'Yoga hoặc thiền', 'Thể thao mùa đông', 'Đọc sách, báo, tiểu thuyết']",0
109,3d5f18e2-34e5-4cd5-86d0-a60c500c646a,Gerardo Hòa,Bạn đạp quê đánh xe đá.,16,1,168.0,12.0999,108.2504,0,2,0,8,"['Viết blog', 'Mua sắm', 'Sáng tạo nội dung', 'Đi bộ đường dài hoặc Leo núi', 'Vẽ tranh, Điêu khắc', 'Tham gia Marathons', 'Buôn bán', 'Nghiên cứu và duyệt Internet', 'Làm đồ trang sức', 'Hát, sáng tác hoặc nhảy', 'Sưu tầm', 'Võ thuật', 'Xây dựng cơ thể và tập thể dục', 'Yoga hoặc thiền', 'Trang trí nội thất', 'Thể thao mùa đông', 'Nấu ăn', 'Đọc sách, báo, tiểu thuyết', 'Chơi trò chơi điện tử', 'Câu đố', 'Nhảy Bungee và Thể thao mạo hiểm', 'Giao lưu với Twitter, Facebook hoặc Skype', 'Xem phim']",0
110,4514986d-9f91-4ce7-942c-02ab4e8790a0,Elsie Khoa,Thế chỉ yêu đâu mướn ruộng.,37,1,168.0,13.4786,105.9585,0,1,0,9,"['Mua sắm', 'Sáng tạo nội dung', 'Cho ăn và quan sát các loài chim địa phương', 'Làm đồ trang sức', 'Hát, sáng tác hoặc nhảy', 'Chơi bài hoặc trò chơi trên bàn', 'Sưu tầm', 'Võ thuật', 'Xây dựng cơ thể và tập thể dục', 'Đọc sách, báo, tiểu thuyết']",1
111,59f469f6-8303-4404-844a-aa72e98c002a,Kyle Tăng,Dép leo bốn thì cái quê chín hương ừ.,20,0,160.0,11.2012,108.1572,0,-1,0,10,"['Viết blog', 'Ăn uống lành mạnh', 'Mua sắm', 'Sáng tạo nội dung', 'Đi bộ đường dài hoặc Leo núi', 'Cho ăn và quan sát các loài chim địa phương', 'Tham gia Marathons', 'Buôn bán', 'Thể thao dưới nước', 'Làm đồ trang sức', 'Chơi bài hoặc trò chơi trên bàn', 'Võ thuật', 'Xây dựng cơ thể và tập thể dục', 'Săn bắn hoặc câu cá', 'Thổi gốm hoặc thủy tinh', 'Yoga hoặc thiền', 'Trang trí nội thất', 'Thể thao mùa đông', 'Nấu ăn', 'Chơi trò chơi điện tử', 'Câu đố', 'Giao lưu với Twitter, Facebook hoặc Skype']",0
112,0d4bd1be-2a96-4b6b-b717-5235d0b284bc,Shaun Nguyễn IV,Tui núi yêu nghỉ lỗi nha.,23,0,162.0,19.9637,105.8287,0,0,1,1,"['Viết blog', 'Ăn uống lành mạnh', 'Mua sắm', 'Sáng tạo nội dung', 'Đi bộ đường dài hoặc Leo núi', 'Vẽ tranh, Điêu khắc', 'Cho ăn và quan sát các loài chim địa phương', 'Tham gia Marathons', 'Buôn bán', 'Nghiên cứu và duyệt Internet', 'Thể thao dưới nước', 'Tiệc tùng', 'Làm đồ trang sức', 'Hát, sáng tác hoặc nhảy', 'Chơi bài hoặc trò chơi trên bàn', 'Sưu tầm', 'Võ thuật', 'Xây dựng cơ thể và tập thể dục', 'Săn bắn hoặc câu cá', 'Thổi gốm hoặc thủy tinh', 'Trang trí nội thất', 'Thể thao mùa đông', 'Nấu ăn', 'Đọc sách, báo, tiểu thuyết', 'Câu đố', 'Nhảy Bungee và Thể thao mạo hiểm', 'Giao lưu với Twitter, Facebook hoặc Skype', 'Xem phim']",0
113,cf7ba492-1ce1-4bdb-89c4-6adadb78a979,Dale Vương,Trăng bạn chìm ruộng giết quê chết khoan xe giày.,20,1,189.0,18.6325,103.2427,1,2,-1,8,"['Ăn uống lành mạnh', 'Sáng tạo nội dung', 'Đi bộ đường dài hoặc Leo núi', 'Buôn bán', 'Thể thao dưới nước', 'Tiệc tùng', 'Làm đồ trang sức', 'Hát, sáng tác hoặc nhảy', 'Chơi bài hoặc trò chơi trên bàn', 'Sưu tầm', 'Võ thuật', 'Xây dựng cơ thể và tập thể dục', 'Thổi gốm hoặc thủy tinh', 'Yoga hoặc thiền', 'Đọc sách, báo, tiểu thuyết', 'Câu đố', 'Nhảy Bungee và Thể thao mạo hiểm', 'Giao lưu với Twitter, Facebook hoặc Skype']",0
114,b285d2f8-5a76-46ad-92cd-e3ad34146f36,Lamar Sinh,Ngọt ruộng cái mướn nghỉ đạp nhà.,34,1,199.0,21.9772,102.2446,0,1,0,9,"['Viết blog', 'Ăn uống lành mạnh', 'Sáng tạo nội dung', 'Buôn bán', 'Nghiên cứu và duyệt Internet', 'Thể thao dưới nước', 'Tiệc tùng', 'Làm đồ trang sức', 'Hát, sáng tác hoặc nhảy', 'Võ thuật', 'Yoga hoặc thiền', 'Trang trí nội thất', 'Nấu ăn', 'Đọc sách, báo, tiểu thuyết']",0
115,16a86d28-ce19-41c1-9346-159a2239835d,Jacob Khoa,Bảy sáu đánh hết.,34,1,161.0,11.8875,104.7967,1,1,0,3,"['Vẽ tranh, Điêu khắc', 'Thể thao dưới nước', 'Hát, sáng tác hoặc nhảy', 'Chơi bài hoặc trò chơi trên bàn', 'Sưu tầm']",1
116,5b536117-5713-4080-9c84-44e7aa206f80,Van Thủy,Leo hàng trăng một bốn xanh đỏ trăng đã.,22,0,153.0,18.0712,104.4786,-1,1,1,6,"['Viết blog', 'Ăn uống lành mạnh', 'Sáng tạo nội dung', 'Đi bộ đường dài hoặc Leo núi', 'Vẽ tranh, Điêu khắc', 'Cho ăn và quan sát các loài chim địa phương', 'Tham gia Marathons', 'Buôn bán', 'Nghiên cứu và duyệt Internet', 'Thể thao dưới nước', 'Tiệc tùng', 'Làm đồ trang sức', 'Hát, sáng tác hoặc nhảy', 'Chơi bài hoặc trò chơi trên bàn', 'Sưu tầm', 'Võ thuật', 'Xây dựng cơ thể và tập thể dục', 'Thổi gốm hoặc thủy tinh', 'Trang trí nội thất', 'Thể thao mùa đông', 'Đọc sách, báo, tiểu thuyết', 'Chơi trò chơi điện tử', 'Câu đố', 'Nhảy Bungee và Thể thao mạo hiểm', 'Giao lưu với Twitter, Facebook hoặc Skype', 'Xem phim']",0
117,c492f65a-15a8-4d8a-b2a8-680a37351217,Dr. Bernard Sa,Xe nghỉ bàn được đồng mượn độc.,17,2,152.0,9.9403,102.5799,-1,0,-1,5,"['Nghiên cứu và duyệt Internet', 'Sưu tầm', 'Săn bắn hoặc câu cá', 'Thổi gốm hoặc thủy tinh', 'Thể thao mùa đông', 'Nhảy Bungee và Thể thao mạo hiểm']",1
118,d50ad54f-8c3f-4c67-9e52-c84a1f81d18c,Mr. Jo Mai,Lầu đánh khoảng khoảng hàng.,15,1,164.0,11.5371,108.3332,-1,2,1,7,"['Mua sắm', 'Sáng tạo nội dung', 'Vẽ tranh, Điêu khắc', 'Cho ăn và quan sát các loài chim địa phương', 'Nghiên cứu và duyệt Internet', 'Thể thao dưới nước', 'Tiệc tùng', 'Làm đồ trang sức', 'Hát, sáng tác hoặc nhảy', 'Võ thuật', 'Xây dựng cơ thể và tập thể dục', 'Thổi gốm hoặc thủy tinh', 'Yoga hoặc thiền', 'Trang trí nội thất', 'Thể thao mùa đông', 'Nấu ăn', 'Đọc sách, báo, tiểu thuyết', 'Chơi trò chơi điện tử', 'Giao lưu với Twitter, Facebook hoặc Skype', 'Xem phim']",0
119,84104ff1-cf72-4b18-a81b-a4539c970993,Ms. Sonia Tô,Đang thôi đồng đập bàn.,14,2,182.0,16.2278,103.6115,1,0,-1,4,"['Viết blog', 'Mua sắm', 'Sáng tạo nội dung', 'Đi bộ đường dài hoặc Leo núi', 'Vẽ tranh, Điêu khắc', 'Cho ăn và quan sát các loài chim địa phương', 'Tham gia Marathons', 'Buôn bán', 'Nghiên cứu và duyệt Internet', 'Làm đồ trang sức', 'Hát, sáng tác hoặc nhảy', 'Chơi bài hoặc trò chơi trên bàn', 'Sưu tầm', 'Võ thuật', 'Thể thao mùa đông', 'Nấu ăn', 'Đọc sách, báo, tiểu thuyết', 'Câu đố', 'Giao lưu với Twitter, Facebook hoặc Skype', 'Xem phim']",0
120,4f616146-341a-499a-8a11-cd9e9f8c4db4,Margie Vương,Một bơi nhà mười biết ờ viết.,39,2,158.0,13.0991,108.1367,1,-1,-1,0,"['Ăn uống lành mạnh', 'Mua sắm', 'Sáng tạo nội dung', 'Tham gia Marathons', 'Tiệc tùng', 'Chơi bài hoặc trò chơi trên bàn', 'Xây dựng cơ thể và tập thể dục', 'Thổi gốm hoặc thủy tinh', 'Nấu ăn', 'Đọc sách, báo, tiểu thuyết', 'Xem phim']",1
121,1f6aea24-8c24-4660-b123-8c8a05855b40,Rafael Phú,Nghỉ năm độc làm chỉ bảy hàng.,37,2,191.0,18.5976,104.4017,0,2,1,9,"['Viết blog', 'Buôn bán', 'Làm đồ trang sức', 'Chơi bài hoặc trò chơi trên bàn', 'Võ thuật', 'Săn bắn hoặc câu cá', 'Yoga hoặc thiền', 'Nấu ăn']",1
122,6a178e80-f1af-467d-9ad6-76bb44ba989e,Karen Thảo,Đập phá nhà.,35,2,157.0,16.3015,105.2529,2,0,1,3,"['Ăn uống lành mạnh', 'Mua sắm', 'Sáng tạo nội dung', 'Đi bộ đường dài hoặc Leo núi', 'Vẽ tranh, Điêu khắc', 'Buôn bán', 'Nghiên cứu và duyệt Internet', 'Thể thao dưới nước', 'Làm đồ trang sức', 'Hát, sáng tác hoặc nhảy', 'Chơi bài hoặc trò chơi trên bàn', 'Sưu tầm', 'Xây dựng cơ thể và tập thể dục', 'Săn bắn hoặc câu cá', 'Thổi gốm hoặc thủy tinh', 'Yoga hoặc thiền', 'Trang trí nội thất', 'Thể thao mùa đông', 'Nấu ăn', 'Đọc sách, báo, tiểu thuyết', 'Chơi trò chơi điện tử', 'Nhảy Bungee và Thể thao mạo hiểm', 'Giao lưu với Twitter, Facebook hoặc Skype']",0
123,3c11a17a-5263-4ccd-b996-53e2c24e2c37,Justin Phạm Jr.,Anh đâu ngọt tủ nón cửa làm việc.,16,2,194.0,15.1992,106.2175,-1,0,0,4,"['Sáng tạo nội dung', 'Làm đồ trang sức', 'Hát, sáng tác hoặc nhảy', 'Võ thuật', 'Thổi gốm hoặc thủy tinh', 'Yoga hoặc thiền', 'Trang trí nội thất']",0
124,3fe474dd-9865-4e12-b82a-5ade52ccb74e,Luther Hoàng,Làm biết ghế ngọt tủ ghế may bàn.,24,2,169.0,19.151,106.7016,2,0,0,3,"['Tham gia Marathons', 'Nghiên cứu và duyệt Internet', 'Võ thuật', 'Yoga hoặc thiền', 'Chơi trò chơi điện tử', 'Nhảy Bungee và Thể thao mạo hiểm']",1
125,61bd00ab-ba06-4263-9be7-6dcfb33f031a,Lola Tăng,Đạp chết anh á nhà lầu vẽ làm.,33,2,151.0,13.9204,104.4321,0,0,1,7,"['Mua sắm', 'Vẽ tranh, Điêu khắc', 'Tham gia Marathons', 'Nghiên cứu và duyệt Internet', 'Làm đồ trang sức', 'Hát, sáng tác hoặc nhảy', 'Võ thuật', 'Xây dựng cơ thể và tập thể dục', 'Thổi gốm hoặc thủy tinh', 'Trang trí nội thất', 'Thể thao mùa đông', 'Nấu ăn']",0
126,326cea3a-da11-4373-91c2-9992beda54c4,Candace Sa,Ác ờ mua ruộng độc áo.,39,0,158.0,20.4544,107.7571,0,2,-1,6,[],1
127,9104d02f-f039-4628-87ea-d9d571c544b4,Morris Phong,Nón bàn yêu.,36,2,173.0,16.841,106.7871,1,1,-1,-1,"['Viết blog', 'Ăn uống lành mạnh', 'Mua sắm', 'Sáng tạo nội dung', 'Đi bộ đường dài hoặc Leo núi', 'Vẽ tranh, Điêu khắc', 'Cho ăn và quan sát các loài chim địa phương', 'Tham gia Marathons', 'Buôn bán', 'Nghiên cứu và duyệt Internet', 'Thể thao dưới nước', 'Tiệc tùng', 'Làm đồ trang sức', 'Hát, sáng tác hoặc nhảy', 'Chơi bài hoặc trò chơi trên bàn', 'Sưu tầm', 'Võ thuật', 'Xây dựng cơ thể và tập thể dục', 'Săn bắn hoặc câu cá', 'Thổi gốm hoặc thủy tinh', 'Yoga hoặc thiền', 'Trang trí nội thất', 'Thể thao mùa đông', 'Nấu ăn', 'Đọc sách, báo, tiểu thuyết', 'Chơi trò chơi điện tử', 'Câu đố', 'Nhảy Bungee và Thể thao mạo hiểm', 'Giao lưu với Twitter, Facebook hoặc Skype', 'Xem phim']",0
128,9ff51fb8-dd2e-4ea4-88f2-41ac04f0a682,Myrtle Dương,Tàu dép đang tám ghét mua.,12,1,188.0,21.2238,104.0822,2,1,0,0,"['Viết blog', 'Ăn uống lành mạnh', 'Mua sắm', 'Đi bộ đường dài hoặc Leo núi', 'Vẽ tranh, Điêu khắc', 'Cho ăn và quan sát các loài chim địa phương', 'Tham gia Marathons', 'Buôn bán', 'Nghiên cứu và duyệt Internet', 'Thể thao dưới nước', 'Tiệc tùng', 'Làm đồ trang sức', 'Hát, sáng tác hoặc nhảy', 'Chơi bài hoặc trò chơi trên bàn', 'Sưu tầm', 'Võ thuật', 'Xây dựng cơ thể và tập thể dục', 'Săn bắn hoặc câu cá', 'Thổi gốm hoặc thủy tinh', 'Yoga hoặc thiền', 'Trang trí nội thất', 'Thể thao mùa đông', 'Nấu ăn', 'Đọc sách, báo, tiểu thuyết', 'Chơi trò chơi điện tử', 'Câu đố', 'Nhảy Bungee và Thể thao mạo hiểm', 'Giao lưu với Twitter, Facebook hoặc Skype', 'Xem phim']",0
129,ab9ea697-8ce8-4568-8ec4-d5f9189eba84,Wallace Dương,Trời hết em.,16,1,170.0,10.0717,106.9846,0,-1,-1,0,['Thể thao mùa đông'],1
130,dc7c1f70-7825-49e3-9018-4000d195ecca,Flora Phùng II,Ác xe hết tui nha được vàng em khoan.,16,0,152.0,21.1131,107.7907,-1,-1,0,3,['Chơi bài hoặc trò chơi trên bàn'],1
131,26da1d3d-c61d-4b9d-aa35-aa2a281bfd64,Ms. Rodolfo Hà,Bốn hàng được quê yêu biết.,23,1,153.0,21.5097,103.3626,0,1,1,1,"['Buôn bán', 'Làm đồ trang sức', 'Sưu tầm', 'Câu đố']",1
132,974f4c57-8c2b-4fc7-b3c8-4e6a2a38d80e,Elias Trần,Áo một tui.,24,1,153.0,10.7414,105.737,2,0,-1,7,"['Mua sắm', 'Sáng tạo nội dung', 'Đi bộ đường dài hoặc Leo núi', 'Cho ăn và quan sát các loài chim địa phương', 'Tham gia Marathons', 'Buôn bán', 'Thể thao dưới nước', 'Chơi bài hoặc trò chơi trên bàn', 'Sưu tầm', 'Xây dựng cơ thể và tập thể dục', 'Thổi gốm hoặc thủy tinh', 'Trang trí nội thất', 'Thể thao mùa đông', 'Đọc sách, báo, tiểu thuyết', 'Chơi trò chơi điện tử', 'Câu đố', 'Xem phim']",0
133,1901f142-3216-43f5-9478-a91beeb3b0c7,Jan Loan II,Tám hai đã kim tô chỉ đang.,15,0,187.0,14.0799,104.4447,0,1,1,3,"['Ăn uống lành mạnh', 'Đi bộ đường dài hoặc Leo núi', 'Buôn bán', 'Nghiên cứu và duyệt Internet', 'Thể thao dưới nước', 'Tiệc tùng', 'Sưu tầm', 'Xây dựng cơ thể và tập thể dục', 'Thể thao mùa đông', 'Đọc sách, báo, tiểu thuyết']",1
134,0095ab52-1443-453a-a1a9-1fc28186a73b,Erica Thanh,Vẽ gì cái đỏ vàng.,12,2,170.0,14.8667,104.592,0,2,1,4,"['Viết blog', 'Ăn uống lành mạnh', 'Mua sắm', 'Vẽ tranh, Điêu khắc', 'Tham gia Marathons', 'Thể thao dưới nước', 'Tiệc tùng', 'Chơi bài hoặc trò chơi trên bàn', 'Võ thuật', 'Thổi gốm hoặc thủy tinh', 'Yoga hoặc thiền', 'Trang trí nội thất', 'Chơi trò chơi điện tử', 'Giao lưu với Twitter, Facebook hoặc Skype', 'Xem phim']",0
135,a26992b2-ee0c-41bb-bed9-fb41d9645933,Ismael Thanh,Leo hóa mây yêu gì ghế hết bốn hết hai.,13,2,162.0,11.2292,105.8548,2,-1,0,9,"['Viết blog', 'Sáng tạo nội dung', 'Vẽ tranh, Điêu khắc', 'Buôn bán', 'Nghiên cứu và duyệt Internet', 'Làm đồ trang sức', 'Giao lưu với Twitter, Facebook hoặc Skype']",1
136,a86eb960-2d3c-437b-aea2-45bc3c44b37d,Joel Phan,Em vẽ gió hết mây tám.,19,1,190.0,21.3994,103.8681,0,-1,1,7,"['Viết blog', 'Ăn uống lành mạnh', 'Mua sắm', 'Sáng tạo nội dung', 'Đi bộ đường dài hoặc Leo núi', 'Vẽ tranh, Điêu khắc', 'Cho ăn và quan sát các loài chim địa phương', 'Buôn bán', 'Nghiên cứu và duyệt Internet', 'Thể thao dưới nước', 'Tiệc tùng', 'Làm đồ trang sức', 'Hát, sáng tác hoặc nhảy', 'Chơi bài hoặc trò chơi trên bàn', 'Sưu tầm', 'Võ thuật', 'Xây dựng cơ thể và tập thể dục', 'Săn bắn hoặc câu cá', 'Thổi gốm hoặc thủy tinh', 'Trang trí nội thất', 'Thể thao mùa đông', 'Nấu ăn', 'Nhảy Bungee và Thể thao mạo hiểm', 'Giao lưu với Twitter, Facebook hoặc Skype', 'Xem phim']",0
137,821beb3c-6d58-420d-80bf-4c9cbebbcce1,Alyssa Sa,Ba bốn hết hai xuồng đập là.,22,2,173.0,9.4938,108.7652,2,0,-1,7,"['Ăn uống lành mạnh', 'Mua sắm', 'Sáng tạo nội dung', 'Đi bộ đường dài hoặc Leo núi', 'Tham gia Marathons', 'Buôn bán', 'Nghiên cứu và duyệt Internet', 'Làm đồ trang sức', 'Hát, sáng tác hoặc nhảy', 'Chơi bài hoặc trò chơi trên bàn', 'Sưu tầm', 'Xây dựng cơ thể và tập thể dục', 'Săn bắn hoặc câu cá', 'Trang trí nội thất', 'Thể thao mùa đông', 'Nấu ăn', 'Đọc sách, báo, tiểu thuyết', 'Chơi trò chơi điện tử', 'Câu đố', 'Nhảy Bungee và Thể thao mạo hiểm', 'Giao lưu với Twitter, Facebook hoặc Skype', 'Xem phim']",0
138,10625e90-77e9-4629-9268-b8a16ba50958,Taylor Thu,Áo vá thích.,29,0,194.0,15.0377,108.9294,0,1,1,2,"['Viết blog', 'Làm đồ trang sức', 'Xây dựng cơ thể và tập thể dục', 'Thổi gốm hoặc thủy tinh', 'Xem phim']",1
139,ba39370a-9c7b-4a48-9785-670c78fe6d14,Melba Tô,Bơi ghét xanh mua thôi cái.,36,2,183.0,15.668800000000001,109.0171,-1,-1,0,1,"['Ăn uống lành mạnh', 'Sáng tạo nội dung', 'Vẽ tranh, Điêu khắc', 'Cho ăn và quan sát các loài chim địa phương', 'Tiệc tùng', 'Sưu tầm', 'Võ thuật', 'Yoga hoặc thiền', 'Trang trí nội thất', 'Nấu ăn', 'Chơi trò chơi điện tử', 'Nhảy Bungee và Thể thao mạo hiểm', 'Giao lưu với Twitter, Facebook hoặc Skype']",0
140,d75a5553-d053-4ec5-b29a-cb180238c1c0,Claude Văn DDS,Cửa ba bảy bè tám nón giày thuê.,36,0,156.0,22.9176,107.9203,2,1,-1,6,"['Ăn uống lành mạnh', 'Nhảy Bungee và Thể thao mạo hiểm', 'Xem phim']",1
141,91dd7743-601e-450b-81b2-3d95480d9d1d,Miss Darrel Nam,Sáu phá tủ dép con xe chết đánh nón đánh.,25,2,179.0,19.8568,102.5731,1,1,-1,9,"['Viết blog', 'Sáng tạo nội dung', 'Đi bộ đường dài hoặc Leo núi', 'Vẽ tranh, Điêu khắc', 'Tham gia Marathons', 'Buôn bán', 'Nghiên cứu và duyệt Internet', 'Tiệc tùng', 'Làm đồ trang sức', 'Hát, sáng tác hoặc nhảy', 'Chơi bài hoặc trò chơi trên bàn', 'Săn bắn hoặc câu cá', 'Yoga hoặc thiền', 'Trang trí nội thất', 'Thể thao mùa đông', 'Nấu ăn', 'Đọc sách, báo, tiểu thuyết', 'Nhảy Bungee và Thể thao mạo hiểm', 'Giao lưu với Twitter, Facebook hoặc Skype', 'Xem phim']",0
142,ea81bd65-7f6c-45e3-9cd7-9781d0c0c5b8,Mary Lý,Thì bè á phá anh.,32,0,166.0,14.9213,107.2615,1,2,-1,9,"['Ăn uống lành mạnh', 'Mua sắm', 'Sáng tạo nội dung', 'Vẽ tranh, Điêu khắc', 'Cho ăn và quan sát các loài chim địa phương', 'Tham gia Marathons', 'Buôn bán', 'Thể thao dưới nước', 'Tiệc tùng', 'Làm đồ trang sức', 'Hát, sáng tác hoặc nhảy', 'Săn bắn hoặc câu cá', 'Thổi gốm hoặc thủy tinh', 'Chơi trò chơi điện tử', 'Câu đố', 'Giao lưu với Twitter, Facebook hoặc Skype', 'Xem phim']",0
143,710e09db-2084-4a44-8fd6-2a142e7d2028,Dwayne Loan,Ruộng tàu đồng khâu cửa được.,12,2,177.0,13.8937,102.4505,1,-1,0,1,['Võ thuật'],1
144,5407bdd7-8203-41a2-bc1d-7a1e1add870b,Jody Đoàn,Tím tím xe thương độc xuồng áo thương độc.,16,0,188.0,10.0854,107.6364,-1,2,1,1,"['Viết blog', 'Đi bộ đường dài hoặc Leo núi', 'Tham gia Marathons', 'Buôn bán', 'Chơi bài hoặc trò chơi trên bàn', 'Võ thuật', 'Xây dựng cơ thể và tập thể dục', 'Săn bắn hoặc câu cá', 'Thổi gốm hoặc thủy tinh', 'Yoga hoặc thiền', 'Thể thao mùa đông', 'Chơi trò chơi điện tử', 'Câu đố']",1
145,ebc106dd-239e-4122-a691-9119354219de,Lora Minh DDS,Thuyền mượn khâu yêu hàng ruộng gió hương hết.,38,0,198.0,17.2436,106.9675,0,-1,1,2,"['Cho ăn và quan sát các loài chim địa phương', 'Buôn bán', 'Thể thao dưới nước', 'Tiệc tùng', 'Chơi bài hoặc trò chơi trên bàn', 'Xây dựng cơ thể và tập thể dục', 'Thổi gốm hoặc thủy tinh', 'Yoga hoặc thiền', 'Đọc sách, báo, tiểu thuyết', 'Giao lưu với Twitter, Facebook hoặc Skype', 'Xem phim']",1
146,de7c85be-f1db-41eb-9f64-f2de7db5c47d,Colleen Đào I,Bàn thuyền tô vá á phá ba đạp đánh năm.,19,1,185.0,9.5642,107.9589,2,2,-1,8,"['Viết blog', 'Ăn uống lành mạnh', 'Mua sắm', 'Sáng tạo nội dung', 'Đi bộ đường dài hoặc Leo núi', 'Vẽ tranh, Điêu khắc', 'Cho ăn và quan sát các loài chim địa phương', 'Tham gia Marathons', 'Nghiên cứu và duyệt Internet', 'Thể thao dưới nước', 'Tiệc tùng', 'Làm đồ trang sức', 'Hát, sáng tác hoặc nhảy', 'Chơi bài hoặc trò chơi trên bàn', 'Sưu tầm', 'Võ thuật', 'Xây dựng cơ thể và tập thể dục', 'Săn bắn hoặc câu cá', 'Thổi gốm hoặc thủy tinh', 'Yoga hoặc thiền', 'Trang trí nội thất', 'Thể thao mùa đông', 'Nấu ăn', 'Đọc sách, báo, tiểu thuyết', 'Chơi trò chơi điện tử', 'Câu đố', 'Nhảy Bungee và Thể thao mạo hiểm', 'Giao lưu với Twitter, Facebook hoặc Skype', 'Xem phim']",0
147,115656ba-587b-48a1-8ce3-1fbd9c733b3f,Hiển,,22,0,160.0,10.8342051,106.7623958,0,1,0,2,"['Ăn uống lành mạnh', 'Nghiên cứu và duyệt Internet', 'Tiệc tùng', 'Hát, sáng tác hoặc nhảy', 'Xây dựng cơ thể và tập thể dục', 'Đọc sách, báo, tiểu thuyết', 'Chơi trò chơi điện tử', 'Xem phim']",1
148,bfbf5885-871f-4950-bbea-79a65d411e49,Melba Hồ DDS,Phá nước núi con.,29,1,186.0,21.2033,108.1122,0,0,-1,7,[],1
149,7b0e5bd0-a6c6-4e6e-94e7-1b5fa93ee6d9,   test,,22,2,200.0,10.7482974,106.6875969,2,1,0,4,"['Viết blog', 'Ăn uống lành mạnh', 'Mua sắm', 'Sáng tạo nội dung', 'Đi bộ đường dài hoặc Leo núi', 'Vẽ tranh, Điêu khắc', 'Cho ăn và quan sát các loài chim địa phương', 'Tham gia Marathons', 'Thể thao dưới nước', 'Tiệc tùng', 'Làm đồ trang sức', 'Hát, sáng tác hoặc nhảy', 'Chơi bài hoặc trò chơi trên bàn', 'Sưu tầm', 'Võ thuật', 'Xây dựng cơ thể và tập thể dục', 'Săn bắn hoặc câu cá', 'Thổi gốm hoặc thủy tinh', 'Yoga hoặc thiền', 'Trang trí nội thất', 'Thể thao mùa đông', 'Nấu ăn', 'Đọc sách, báo, tiểu thuyết', 'Chơi trò chơi điện tử', 'Câu đố', 'Nhảy Bungee và Thể thao mạo hiểm', 'Giao lưu với Twitter, Facebook hoặc Skype', 'Xem phim']",0
150,67161893-43d3-4f59-b801-6ca1b878e8a2,Gloria Hồ,Thuê hương tủ thì giết thuê hàng.,35,1,186.0,18.555,104.9518,0,0,1,10,['Xây dựng cơ thể và tập thể dục'],1
151,1519e887-ac49-43b6-82bf-e09dda82b46f,Thái Thăng,Bad boy isn't good. Good boy isn't fun.,22,0,172.0,10.8701381,106.8037908,1,1,1,9,"['Viết blog', 'Ăn uống lành mạnh', 'Sáng tạo nội dung', 'Đi bộ đường dài hoặc Leo núi', 'Chơi bài hoặc trò chơi trên bàn', 'Yoga hoặc thiền', 'Nấu ăn', 'Đọc sách, báo, tiểu thuyết', 'Chơi trò chơi điện tử', 'Câu đố', 'Giao lưu với Twitter, Facebook hoặc Skype']",1
152,abda3dcf-49c4-4b8b-904f-5e88909b0701,Kathy Dương,Em máy yêu trời núi ờ thế.,16,0,166.0,14.719899999999999,105.1516,2,1,0,-1,"['Viết blog', 'Ăn uống lành mạnh', 'Sáng tạo nội dung', 'Đi bộ đường dài hoặc Leo núi', 'Vẽ tranh, Điêu khắc', 'Cho ăn và quan sát các loài chim địa phương', 'Tham gia Marathons', 'Buôn bán', 'Nghiên cứu và duyệt Internet', 'Thể thao dưới nước', 'Tiệc tùng', 'Làm đồ trang sức', 'Hát, sáng tác hoặc nhảy', 'Chơi bài hoặc trò chơi trên bàn', 'Săn bắn hoặc câu cá', 'Thổi gốm hoặc thủy tinh', 'Yoga hoặc thiền', 'Trang trí nội thất', 'Thể thao mùa đông', 'Nấu ăn', 'Đọc sách, báo, tiểu thuyết', 'Chơi trò chơi điện tử', 'Câu đố', 'Nhảy Bungee và Thể thao mạo hiểm', 'Giao lưu với Twitter, Facebook hoặc Skype', 'Xem phim']",0
153,27710fcf-3adb-45a9-b2a8-1c19ae8307dd,Charlotte Nhân,Ừ là phá tàu thế.,27,1,166.0,20.5278,107.8487,1,-1,0,5,"['Viết blog', 'Ăn uống lành mạnh', 'Mua sắm', 'Sáng tạo nội dung', 'Đi bộ đường dài hoặc Leo núi', 'Vẽ tranh, Điêu khắc', 'Cho ăn và quan sát các loài chim địa phương', 'Tham gia Marathons', 'Buôn bán', 'Nghiên cứu và duyệt Internet', 'Thể thao dưới nước', 'Tiệc tùng', 'Làm đồ trang sức', 'Hát, sáng tác hoặc nhảy', 'Chơi bài hoặc trò chơi trên bàn', 'Sưu tầm', 'Võ thuật', 'Xây dựng cơ thể và tập thể dục', 'Săn bắn hoặc câu cá', 'Thổi gốm hoặc thủy tinh', 'Trang trí nội thất', 'Thể thao mùa đông', 'Nấu ăn', 'Đọc sách, báo, tiểu thuyết', 'Chơi trò chơi điện tử', 'Câu đố', 'Nhảy Bungee và Thể thao mạo hiểm', 'Giao lưu với Twitter, Facebook hoặc Skype', 'Xem phim']",0
154,879afbb6-25d7-4eb8-92d2-f9dec5e2bb9f,Miss Faith Loan,Ừ nghỉ ruộng đồng chết biết leo ghét đỏ.,29,1,171.0,10.0998,103.9655,-1,2,1,-1,[],1
155,7792887d-efcc-4369-9853-aba4d4839ea4,Lorraine Tuân,Tui kim thì tím vẽ nha mây một ghế được.,26,2,154.0,16.0244,105.6977,1,1,0,-1,[],1
156,9cede9bf-60f3-46d6-8417-4d2797959d66,Alex Hải,Trăng yêu lầu.,21,2,189.0,18.3659,102.2906,-1,-1,0,-1,"['Viết blog', 'Ăn uống lành mạnh', 'Mua sắm', 'Sáng tạo nội dung', 'Đi bộ đường dài hoặc Leo núi', 'Vẽ tranh, Điêu khắc', 'Tham gia Marathons', 'Buôn bán', 'Nghiên cứu và duyệt Internet', 'Tiệc tùng', 'Làm đồ trang sức', 'Hát, sáng tác hoặc nhảy', 'Sưu tầm', 'Võ thuật', 'Xây dựng cơ thể và tập thể dục', 'Săn bắn hoặc câu cá', 'Thổi gốm hoặc thủy tinh', 'Yoga hoặc thiền', 'Trang trí nội thất', 'Thể thao mùa đông', 'Chơi trò chơi điện tử', 'Câu đố', 'Nhảy Bungee và Thể thao mạo hiểm', 'Giao lưu với Twitter, Facebook hoặc Skype']",0
157,f1e447dc-d163-4a2a-a974-a61dcf8f766d,Ms. Abel Hiền,Đập em mười mướn.,36,1,151.0,14.4733,105.0747,-1,1,-1,7,"['Viết blog', 'Ăn uống lành mạnh', 'Mua sắm', 'Cho ăn và quan sát các loài chim địa phương', 'Buôn bán', 'Sưu tầm', 'Nấu ăn', 'Chơi trò chơi điện tử', 'Câu đố']",1
158,787a23c1-9437-4b85-b46a-6ef110d650b4,Angelica Thảo,Con đồng may mướn tủ biển bảy ừ lỗi.,36,2,174.0,10.6921,102.2883,0,-1,1,7,"['Viết blog', 'Ăn uống lành mạnh', 'Đi bộ đường dài hoặc Leo núi', 'Vẽ tranh, Điêu khắc', 'Cho ăn và quan sát các loài chim địa phương', 'Tham gia Marathons', 'Buôn bán', 'Nghiên cứu và duyệt Internet', 'Thể thao dưới nước', 'Tiệc tùng', 'Làm đồ trang sức', 'Hát, sáng tác hoặc nhảy', 'Chơi bài hoặc trò chơi trên bàn', 'Sưu tầm', 'Võ thuật', 'Xây dựng cơ thể và tập thể dục', 'Săn bắn hoặc câu cá', 'Thổi gốm hoặc thủy tinh', 'Yoga hoặc thiền', 'Trang trí nội thất', 'Thể thao mùa đông', 'Nấu ăn', 'Đọc sách, báo, tiểu thuyết', 'Chơi trò chơi điện tử', 'Nhảy Bungee và Thể thao mạo hiểm', 'Giao lưu với Twitter, Facebook hoặc Skype', 'Xem phim']",0
159,cf59660b-9856-4aee-9fc8-4e273b96aacc,Kathleen Hòa,Đánh hàng giày bạn thì con ác nghỉ cái.,18,0,191.0,17.1248,103.8603,2,1,1,0,"['Chơi bài hoặc trò chơi trên bàn', 'Thổi gốm hoặc thủy tinh', 'Câu đố', 'Nhảy Bungee và Thể thao mạo hiểm']",1
160,48afb277-629c-4e5d-8f2b-970079292113,Dolores Minh,Đập xanh mây chìm mười bơi xanh chỉ gió.,13,1,170.0,19.9215,104.8311,2,-1,0,5,"['Ăn uống lành mạnh', 'Buôn bán', 'Võ thuật', 'Săn bắn hoặc câu cá', 'Xem phim']",1
161,d0f3e60b-7f3f-4486-aa09-2a6a759579f0,William Trần,Vẽ thôi gió chìm thôi ruộng chỉ.,34,1,185.0,17.2674,109.4572,0,1,1,2,['Viết blog'],1
162,07d2cde9-8321-44a5-8363-83b7e73a336e,Nicolas Đặng,Ờ trời hóa núi á tàu thì hết hóa.,12,0,177.0,9.6861,102.554,-1,-1,-1,7,"['Viết blog', 'Tham gia Marathons', 'Buôn bán', 'Nghiên cứu và duyệt Internet', 'Tiệc tùng', 'Làm đồ trang sức', 'Sưu tầm', 'Xây dựng cơ thể và tập thể dục', 'Săn bắn hoặc câu cá', 'Trang trí nội thất', 'Đọc sách, báo, tiểu thuyết', 'Câu đố', 'Nhảy Bungee và Thể thao mạo hiểm']",0
163,feb4991c-b567-4ece-a2a0-b511a3fffe85,Bradley Triệu,Đá bơi anh thế mướn.,24,2,171.0,20.3419,106.6191,0,1,0,5,"['Viết blog', 'Sáng tạo nội dung', 'Vẽ tranh, Điêu khắc', 'Tham gia Marathons', 'Buôn bán', 'Nghiên cứu và duyệt Internet', 'Thể thao dưới nước', 'Làm đồ trang sức', 'Chơi bài hoặc trò chơi trên bàn', 'Sưu tầm', 'Võ thuật', 'Xây dựng cơ thể và tập thể dục', 'Săn bắn hoặc câu cá', 'Thổi gốm hoặc thủy tinh', 'Yoga hoặc thiền', 'Thể thao mùa đông', 'Nấu ăn', 'Đọc sách, báo, tiểu thuyết', 'Chơi trò chơi điện tử', 'Câu đố', 'Nhảy Bungee và Thể thao mạo hiểm', 'Xem phim']",1
164,87fc2df5-7b12-49ea-a91e-2e8273eeb394,Curtis Dương,Kim đập giết núi quê áo ghét tám thuyền.,14,2,178.0,15.345,105.4494,2,-1,0,10,"['Cho ăn và quan sát các loài chim địa phương', 'Tham gia Marathons', 'Thổi gốm hoặc thủy tinh', 'Giao lưu với Twitter, Facebook hoặc Skype']",1
165,74fa65d3-e8a3-4e0c-bd45-a8ea230d1d3d,Mr. Timothy Trung,Xanh ác bơi mượn chết lỗi máy.,30,2,154.0,18.8049,107.6379,0,-1,-1,5,"['Viết blog', 'Ăn uống lành mạnh', 'Mua sắm', 'Sáng tạo nội dung', 'Vẽ tranh, Điêu khắc', 'Cho ăn và quan sát các loài chim địa phương', 'Buôn bán', 'Nghiên cứu và duyệt Internet', 'Thể thao dưới nước', 'Tiệc tùng', 'Làm đồ trang sức', 'Hát, sáng tác hoặc nhảy', 'Chơi bài hoặc trò chơi trên bàn', 'Võ thuật', 'Xây dựng cơ thể và tập thể dục', 'Thổi gốm hoặc thủy tinh', 'Yoga hoặc thiền', 'Trang trí nội thất', 'Thể thao mùa đông', 'Nấu ăn', 'Chơi trò chơi điện tử', 'Câu đố', 'Nhảy Bungee và Thể thao mạo hiểm', 'Giao lưu với Twitter, Facebook hoặc Skype', 'Xem phim']",0
166,0eb82da8-e306-463d-8bce-6e3668484384,Amanda Mai Sr.,Bè thế khoan năm á á.,35,1,198.0,19.9232,108.669,1,0,0,10,"['Ăn uống lành mạnh', 'Vẽ tranh, Điêu khắc', 'Hát, sáng tác hoặc nhảy', 'Săn bắn hoặc câu cá', 'Thổi gốm hoặc thủy tinh', 'Thể thao mùa đông', 'Nấu ăn', 'Giao lưu với Twitter, Facebook hoặc Skype']",1
167,d905abd3-dffe-4b37-96fd-bbd9061cca97,Miss Claudia Sa,Đánh khoan là bốn biết á dép ờ.,25,2,151.0,16.898600000000002,106.5817,-1,0,1,4,"['Viết blog', 'Ăn uống lành mạnh', 'Sáng tạo nội dung', 'Đi bộ đường dài hoặc Leo núi', 'Vẽ tranh, Điêu khắc', 'Tiệc tùng', 'Làm đồ trang sức', 'Hát, sáng tác hoặc nhảy', 'Chơi bài hoặc trò chơi trên bàn', 'Sưu tầm', 'Xây dựng cơ thể và tập thể dục', 'Thổi gốm hoặc thủy tinh', 'Yoga hoặc thiền', 'Trang trí nội thất', 'Thể thao mùa đông', 'Đọc sách, báo, tiểu thuyết', 'Câu đố', 'Xem phim']",0
168,8c0f3348-7485-4850-b193-5faad28813d1,Margie Đinh,Hóa hết vẽ ghế cửa ác bè á biết.,15,1,165.0,8.8759,105.081,1,2,1,4,"['Viết blog', 'Ăn uống lành mạnh', 'Mua sắm', 'Sáng tạo nội dung', 'Đi bộ đường dài hoặc Leo núi', 'Vẽ tranh, Điêu khắc', 'Cho ăn và quan sát các loài chim địa phương', 'Tham gia Marathons', 'Buôn bán', 'Nghiên cứu và duyệt Internet', 'Thể thao dưới nước', 'Tiệc tùng', 'Hát, sáng tác hoặc nhảy', 'Chơi bài hoặc trò chơi trên bàn', 'Sưu tầm', 'Võ thuật', 'Xây dựng cơ thể và tập thể dục', 'Săn bắn hoặc câu cá', 'Thổi gốm hoặc thủy tinh', 'Yoga hoặc thiền', 'Trang trí nội thất', 'Thể thao mùa đông', 'Đọc sách, báo, tiểu thuyết', 'Chơi trò chơi điện tử', 'Câu đố', 'Giao lưu với Twitter, Facebook hoặc Skype']",0
169,844f8e42-ddca-463c-843a-6a07a163ddc9,Jan Đào V,Tui sáu sáu mướn giết leo nghỉ thuyền.,15,0,151.0,11.261800000000001,108.5106,1,1,0,5,"['Viết blog', 'Ăn uống lành mạnh', 'Mua sắm', 'Đi bộ đường dài hoặc Leo núi', 'Vẽ tranh, Điêu khắc', 'Tham gia Marathons', 'Buôn bán', 'Thể thao dưới nước', 'Tiệc tùng', 'Hát, sáng tác hoặc nhảy', 'Chơi bài hoặc trò chơi trên bàn', 'Sưu tầm', 'Võ thuật', 'Xây dựng cơ thể và tập thể dục', 'Thổi gốm hoặc thủy tinh', 'Trang trí nội thất', 'Chơi trò chơi điện tử', 'Giao lưu với Twitter, Facebook hoặc Skype']",0
170,16d29a53-4b20-4854-942c-50dff80668ec,Kayla Đinh DVM,Tủ hóa bảy mười trời mua máy tím mười.,13,2,181.0,22.912,106.3788,1,1,-1,1,"['Viết blog', 'Mua sắm', 'Đi bộ đường dài hoặc Leo núi', 'Vẽ tranh, Điêu khắc', 'Cho ăn và quan sát các loài chim địa phương', 'Nghiên cứu và duyệt Internet', 'Thể thao dưới nước', 'Tiệc tùng', 'Làm đồ trang sức', 'Hát, sáng tác hoặc nhảy', 'Chơi bài hoặc trò chơi trên bàn', 'Sưu tầm', 'Săn bắn hoặc câu cá', 'Thổi gốm hoặc thủy tinh', 'Yoga hoặc thiền', 'Trang trí nội thất', 'Thể thao mùa đông', 'Nấu ăn', 'Đọc sách, báo, tiểu thuyết', 'Chơi trò chơi điện tử', 'Câu đố', 'Nhảy Bungee và Thể thao mạo hiểm', 'Giao lưu với Twitter, Facebook hoặc Skype', 'Xem phim']",0
171,29f096aa-6bc8-44be-97c7-f405091c8721,Harriet Hòa,Được xanh máy tui bè yêu hết viết vá.,27,2,175.0,17.155,108.3336,0,0,0,-1,"['Mua sắm', 'Sáng tạo nội dung', 'Vẽ tranh, Điêu khắc', 'Thể thao dưới nước', 'Chơi bài hoặc trò chơi trên bàn', 'Võ thuật', 'Xây dựng cơ thể và tập thể dục', 'Trang trí nội thất', 'Thể thao mùa đông', 'Nấu ăn', 'Nhảy Bungee và Thể thao mạo hiểm', 'Xem phim']",0
172,902a362b-02fc-4373-a50f-46b7c80aedda,Hiển Lê Hồng,Im a good boy!,22,0,160.0,10.8342429,106.7623898,0,1,0,2,"['Ăn uống lành mạnh', 'Mua sắm', 'Đi bộ đường dài hoặc Leo núi', 'Nghiên cứu và duyệt Internet', 'Tiệc tùng', 'Hát, sáng tác hoặc nhảy', 'Xây dựng cơ thể và tập thể dục', 'Đọc sách, báo, tiểu thuyết', 'Chơi trò chơi điện tử']",0
173,bb302254-1cb1-4972-b4fd-f17019357939,Timmy Thủy,Chín mây gió chết biển cái đá thôi tôi.,30,0,185.0,20.4371,108.4124,0,2,-1,4,"['Viết blog', 'Ăn uống lành mạnh', 'Tham gia Marathons', 'Đọc sách, báo, tiểu thuyết', 'Câu đố']",1
174,a933fafc-272c-4c14-bebe-2d1162e43448,Priscilla Đức DVM,Mây mười nước tôi.,22,1,157.0,16.634,107.797,0,2,0,8,"['Viết blog', 'Tiệc tùng', 'Võ thuật', 'Yoga hoặc thiền']",1
175,eb14fb50-fea0-4193-8c00-365bbb421b2b,Vera Tú,Ờ biển anh tàu.,23,2,168.0,12.9168,105.6525,-1,-1,-1,-1,"['Viết blog', 'Ăn uống lành mạnh', 'Mua sắm', 'Vẽ tranh, Điêu khắc', 'Cho ăn và quan sát các loài chim địa phương', 'Tham gia Marathons', 'Thể thao dưới nước', 'Làm đồ trang sức', 'Hát, sáng tác hoặc nhảy', 'Chơi bài hoặc trò chơi trên bàn', 'Võ thuật', 'Xây dựng cơ thể và tập thể dục', 'Săn bắn hoặc câu cá', 'Thổi gốm hoặc thủy tinh', 'Yoga hoặc thiền', 'Trang trí nội thất', 'Thể thao mùa đông', 'Nấu ăn', 'Đọc sách, báo, tiểu thuyết', 'Chơi trò chơi điện tử', 'Câu đố', 'Nhảy Bungee và Thể thao mạo hiểm', 'Giao lưu với Twitter, Facebook hoặc Skype']",0
176,a8dcb1ed-148f-4de5-8279-7caa09e3cc8d,Eloise Tăng,Tui hết năm đạp con chín ngọt vàng.,20,1,178.0,22.6977,109.2609,-1,0,-1,5,"['Viết blog', 'Ăn uống lành mạnh', 'Mua sắm', 'Đi bộ đường dài hoặc Leo núi', 'Vẽ tranh, Điêu khắc', 'Cho ăn và quan sát các loài chim địa phương', 'Tham gia Marathons', 'Buôn bán', 'Nghiên cứu và duyệt Internet', 'Thể thao dưới nước', 'Làm đồ trang sức', 'Hát, sáng tác hoặc nhảy', 'Chơi bài hoặc trò chơi trên bàn', 'Sưu tầm', 'Yoga hoặc thiền', 'Trang trí nội thất', 'Nấu ăn', 'Đọc sách, báo, tiểu thuyết', 'Câu đố', 'Nhảy Bungee và Thể thao mạo hiểm', 'Xem phim']",0
177,3d4180f5-7e79-4bbc-9416-4a3fad589160,Neal Vương Jr.,Áo biết biển ừ bạn tàu hàng mướn được áo.,23,1,162.0,11.0818,108.16,2,0,0,3,"['Thể thao dưới nước', 'Thổi gốm hoặc thủy tinh', 'Đọc sách, báo, tiểu thuyết', 'Chơi trò chơi điện tử', 'Câu đố', 'Giao lưu với Twitter, Facebook hoặc Skype', 'Xem phim']",1
178,3f957563-fb9c-4e7e-ba92-d67bc21ebe5f,Jessie Lê,Xanh tui trăng.,19,0,162.0,9.5934,104.5873,0,0,0,3,"['Mua sắm', 'Tham gia Marathons', 'Võ thuật']",1
179,10b9d16d-621c-466d-b3a8-04a72df8b241,May Hoàng,Hết tôi gì xe.,24,1,167.0,11.7123,104.0937,2,2,-1,10,"['Viết blog', 'Ăn uống lành mạnh', 'Mua sắm', 'Sáng tạo nội dung', 'Cho ăn và quan sát các loài chim địa phương', 'Nghiên cứu và duyệt Internet', 'Thể thao dưới nước', 'Làm đồ trang sức', 'Sưu tầm', 'Săn bắn hoặc câu cá', 'Trang trí nội thất', 'Đọc sách, báo, tiểu thuyết', 'Chơi trò chơi điện tử', 'Câu đố', 'Giao lưu với Twitter, Facebook hoặc Skype', 'Xem phim']",0
180,b7203b0a-c8c1-4032-a857-84fac5fced46,Faye Nhung,Mượn vàng làm trăng tui tám kim tím bè núi.,25,0,156.0,22.2014,102.1987,2,1,-1,-1,"['Ăn uống lành mạnh', 'Sáng tạo nội dung', 'Đi bộ đường dài hoặc Leo núi', 'Cho ăn và quan sát các loài chim địa phương', 'Tham gia Marathons', 'Buôn bán', 'Nghiên cứu và duyệt Internet', 'Tiệc tùng', 'Làm đồ trang sức', 'Hát, sáng tác hoặc nhảy', 'Sưu tầm', 'Săn bắn hoặc câu cá', 'Thổi gốm hoặc thủy tinh', 'Trang trí nội thất', 'Đọc sách, báo, tiểu thuyết', 'Câu đố', 'Nhảy Bungee và Thể thao mạo hiểm', 'Xem phim']",0
181,9a5839f1-f708-4811-80af-b1cef44b65b0,Geoffrey Hải,Đã nha mượn nghỉ bè sáu.,21,1,199.0,13.1023,107.8753,0,0,0,8,"['Viết blog', 'Ăn uống lành mạnh', 'Sáng tạo nội dung', 'Đi bộ đường dài hoặc Leo núi', 'Vẽ tranh, Điêu khắc', 'Cho ăn và quan sát các loài chim địa phương', 'Nghiên cứu và duyệt Internet', 'Thể thao dưới nước', 'Tiệc tùng', 'Làm đồ trang sức', 'Hát, sáng tác hoặc nhảy', 'Võ thuật', 'Xây dựng cơ thể và tập thể dục', 'Săn bắn hoặc câu cá', 'Trang trí nội thất', 'Thể thao mùa đông', 'Nấu ăn', 'Đọc sách, báo, tiểu thuyết', 'Câu đố', 'Nhảy Bungee và Thể thao mạo hiểm', 'Giao lưu với Twitter, Facebook hoặc Skype', 'Xem phim']",0
182,9850749a-c961-4f6f-9a01-8dea7292eaf0,Angie Tuân,Ghế là thích chết.,37,2,174.0,11.6432,107.857,1,-1,1,10,"['Viết blog', 'Mua sắm', 'Sáng tạo nội dung', 'Đi bộ đường dài hoặc Leo núi', 'Vẽ tranh, Điêu khắc', 'Cho ăn và quan sát các loài chim địa phương', 'Tham gia Marathons', 'Nghiên cứu và duyệt Internet', 'Thể thao dưới nước', 'Hát, sáng tác hoặc nhảy', 'Chơi bài hoặc trò chơi trên bàn', 'Võ thuật', 'Xây dựng cơ thể và tập thể dục', 'Săn bắn hoặc câu cá', 'Thổi gốm hoặc thủy tinh', 'Yoga hoặc thiền', 'Trang trí nội thất', 'Thể thao mùa đông', 'Nấu ăn', 'Đọc sách, báo, tiểu thuyết', 'Giao lưu với Twitter, Facebook hoặc Skype', 'Xem phim']",0
183,c87c9452-7f58-40f6-9bc8-dcc7efc52091,Virginia Hoàng,Mây thương đá thôi nha làm ghét thì bảy.,13,0,172.0,11.1407,104.0238,1,0,-1,-1,"['Viết blog', 'Ăn uống lành mạnh', 'Mua sắm', 'Sáng tạo nội dung', 'Đi bộ đường dài hoặc Leo núi', 'Cho ăn và quan sát các loài chim địa phương', 'Tham gia Marathons', 'Buôn bán', 'Nghiên cứu và duyệt Internet', 'Thể thao dưới nước', 'Tiệc tùng', 'Hát, sáng tác hoặc nhảy', 'Chơi bài hoặc trò chơi trên bàn', 'Sưu tầm', 'Xây dựng cơ thể và tập thể dục', 'Săn bắn hoặc câu cá', 'Thổi gốm hoặc thủy tinh', 'Thể thao mùa đông', 'Đọc sách, báo, tiểu thuyết', 'Chơi trò chơi điện tử', 'Nhảy Bungee và Thể thao mạo hiểm', 'Giao lưu với Twitter, Facebook hoặc Skype']",0
184,2163f96c-6a87-4f72-a90c-8c11492126d5,Kim Bửu,Ờ quê sáu vàng.,39,2,164.0,21.2465,108.2025,-1,1,1,3,"['Đi bộ đường dài hoặc Leo núi', 'Cho ăn và quan sát các loài chim địa phương', 'Thể thao dưới nước', 'Tiệc tùng', 'Làm đồ trang sức', 'Hát, sáng tác hoặc nhảy', 'Võ thuật', 'Săn bắn hoặc câu cá', 'Câu đố']",0
185,4c33e7a1-d063-49e5-a56c-7b8e201a35f8,Sherri Văn IV,Không thôi chỉ.,40,1,183.0,21.829,102.2077,-1,-1,1,1,"['Ăn uống lành mạnh', 'Mua sắm', 'Sáng tạo nội dung', 'Đi bộ đường dài hoặc Leo núi', 'Vẽ tranh, Điêu khắc', 'Tham gia Marathons', 'Buôn bán', 'Nghiên cứu và duyệt Internet', 'Tiệc tùng', 'Làm đồ trang sức', 'Chơi bài hoặc trò chơi trên bàn', 'Võ thuật', 'Xây dựng cơ thể và tập thể dục', 'Thổi gốm hoặc thủy tinh', 'Yoga hoặc thiền', 'Trang trí nội thất', 'Thể thao mùa đông', 'Đọc sách, báo, tiểu thuyết', 'Câu đố', 'Nhảy Bungee và Thể thao mạo hiểm']",0
186,de8a27d3-9388-45bd-b467-ada5f34f160a,Danny Loan,Xuồng hết vẽ bốn hương sáu bè.,15,0,176.0,16.8054,107.907,2,1,1,8,"['Sáng tạo nội dung', 'Tiệc tùng', 'Chơi bài hoặc trò chơi trên bàn', 'Đọc sách, báo, tiểu thuyết', 'Giao lưu với Twitter, Facebook hoặc Skype', 'Xem phim']",1
187,c417010f-0104-4de7-99be-bd05dba016c8,Doyle Trung V,Thế nón khoan đồng ác thế ruộng.,13,2,152.0,11.4205,107.7472,0,2,1,4,"['Thể thao mùa đông', 'Đọc sách, báo, tiểu thuyết']",1
188,481e9a24-bd86-4361-8ac5-2abf92a26a95,William Hồ,Em em đồng nghỉ cửa vá thôi tui hóa được.,39,2,192.0,14.4633,103.3796,2,-1,0,4,"['Viết blog', 'Sáng tạo nội dung', 'Đi bộ đường dài hoặc Leo núi', 'Vẽ tranh, Điêu khắc', 'Tham gia Marathons', 'Buôn bán', 'Nghiên cứu và duyệt Internet', 'Tiệc tùng', 'Sưu tầm', 'Võ thuật', 'Xây dựng cơ thể và tập thể dục', 'Thổi gốm hoặc thủy tinh', 'Yoga hoặc thiền', 'Trang trí nội thất', 'Nấu ăn', 'Chơi trò chơi điện tử', 'Giao lưu với Twitter, Facebook hoặc Skype', 'Xem phim']",0
189,072fc375-8050-40ca-bcb3-5a332ba04a3a,Mr. David Thủy,Ờ xe tui khoan nghỉ đang khoan viết ác ba.,25,1,181.0,21.8506,102.1772,2,2,-1,0,"['Ăn uống lành mạnh', 'Mua sắm', 'Sáng tạo nội dung', 'Tham gia Marathons', 'Buôn bán', 'Tiệc tùng', 'Hát, sáng tác hoặc nhảy', 'Chơi bài hoặc trò chơi trên bàn', 'Sưu tầm', 'Võ thuật', 'Nấu ăn', 'Đọc sách, báo, tiểu thuyết', 'Nhảy Bungee và Thể thao mạo hiểm', 'Giao lưu với Twitter, Facebook hoặc Skype']",0
190,33f8aa60-b1ad-483b-bbd8-5db9489add8b,Clifton Sinh,Mười anh hàng ruộng mượn chín hàng.,22,1,180.0,19.3726,108.7825,0,2,1,10,"['Viết blog', 'Mua sắm', 'Sáng tạo nội dung', 'Vẽ tranh, Điêu khắc', 'Thể thao dưới nước', 'Tiệc tùng', 'Làm đồ trang sức', 'Hát, sáng tác hoặc nhảy', 'Chơi bài hoặc trò chơi trên bàn', 'Võ thuật', 'Xây dựng cơ thể và tập thể dục', 'Thổi gốm hoặc thủy tinh', 'Trang trí nội thất', 'Thể thao mùa đông', 'Đọc sách, báo, tiểu thuyết', 'Câu đố', 'Nhảy Bungee và Thể thao mạo hiểm', 'Giao lưu với Twitter, Facebook hoặc Skype']",0
191,530ba346-5cb6-45e2-a8c2-ee80d2ee8236,Miss Cora Nam,Ruộng sáu xe.,34,0,192.0,17.9709,104.6043,1,2,-1,2,"['Viết blog', 'Ăn uống lành mạnh', 'Mua sắm', 'Sáng tạo nội dung', 'Đi bộ đường dài hoặc Leo núi', 'Vẽ tranh, Điêu khắc', 'Cho ăn và quan sát các loài chim địa phương', 'Tham gia Marathons', 'Nghiên cứu và duyệt Internet', 'Thể thao dưới nước', 'Làm đồ trang sức', 'Hát, sáng tác hoặc nhảy', 'Chơi bài hoặc trò chơi trên bàn', 'Sưu tầm', 'Võ thuật', 'Xây dựng cơ thể và tập thể dục', 'Săn bắn hoặc câu cá', 'Thổi gốm hoặc thủy tinh', 'Yoga hoặc thiền', 'Trang trí nội thất', 'Thể thao mùa đông', 'Nấu ăn', 'Đọc sách, báo, tiểu thuyết', 'Câu đố', 'Nhảy Bungee và Thể thao mạo hiểm', 'Xem phim']",0
192,174ea035-20aa-4888-a53a-a11ef9d529c4,Judy Triệu,Thích vàng làm thôi xuồng đánh bơi cửa tám nón.,21,0,179.0,19.7575,106.1409,1,1,1,9,"['Viết blog', 'Ăn uống lành mạnh', 'Mua sắm', 'Đi bộ đường dài hoặc Leo núi', 'Cho ăn và quan sát các loài chim địa phương', 'Tham gia Marathons', 'Thể thao dưới nước', 'Hát, sáng tác hoặc nhảy', 'Chơi bài hoặc trò chơi trên bàn', 'Sưu tầm', 'Võ thuật', 'Xây dựng cơ thể và tập thể dục', 'Thổi gốm hoặc thủy tinh', 'Yoga hoặc thiền', 'Trang trí nội thất', 'Nấu ăn', 'Chơi trò chơi điện tử', 'Nhảy Bungee và Thể thao mạo hiểm', 'Giao lưu với Twitter, Facebook hoặc Skype', 'Xem phim']",0
193,899ba6d7-066d-48e4-b8f7-12b37f5e0704,Elvira Nguyễn,Đỏ khâu thì tôi thì nhà thì biển thế.,13,0,189.0,22.9449,105.1377,0,-1,1,1,[],1
194,5fbed992-9dd9-4f34-9c3d-f1d10a01bd83,Juan Đinh Jr.,Giết bàn hương bàn thương hết.,23,1,174.0,10.7901,106.4069,0,0,1,-1,"['Viết blog', 'Ăn uống lành mạnh', 'Mua sắm', 'Sáng tạo nội dung', 'Đi bộ đường dài hoặc Leo núi', 'Cho ăn và quan sát các loài chim địa phương', 'Tham gia Marathons', 'Nghiên cứu và duyệt Internet', 'Thể thao dưới nước', 'Tiệc tùng', 'Làm đồ trang sức', 'Hát, sáng tác hoặc nhảy', 'Chơi bài hoặc trò chơi trên bàn', 'Sưu tầm', 'Võ thuật', 'Xây dựng cơ thể và tập thể dục', 'Săn bắn hoặc câu cá', 'Thổi gốm hoặc thủy tinh', 'Yoga hoặc thiền', 'Trang trí nội thất', 'Nấu ăn', 'Đọc sách, báo, tiểu thuyết', 'Chơi trò chơi điện tử', 'Câu đố', 'Nhảy Bungee và Thể thao mạo hiểm', 'Giao lưu với Twitter, Facebook hoặc Skype', 'Xem phim']",0
195,79d6cdd0-45dd-4553-ba5f-9c6a05cf0c12,Bryan Sinh I,Bốn ba cửa mười thích.,19,0,170.0,21.547,108.2634,2,-1,0,7,"['Viết blog', 'Ăn uống lành mạnh', 'Sáng tạo nội dung', 'Săn bắn hoặc câu cá', 'Yoga hoặc thiền', 'Thể thao mùa đông', 'Giao lưu với Twitter, Facebook hoặc Skype']",1
196,5917a5a8-7b84-49b8-ad62-2c2fd82f12c4,Perry Bùi,Cái lầu bạn hóa thuyền.,37,0,194.0,9.9299,107.3806,0,-1,-1,0,"['Ăn uống lành mạnh', 'Mua sắm', 'Sáng tạo nội dung', 'Đi bộ đường dài hoặc Leo núi', 'Vẽ tranh, Điêu khắc', 'Buôn bán', 'Thể thao dưới nước', 'Tiệc tùng', 'Làm đồ trang sức', 'Hát, sáng tác hoặc nhảy', 'Chơi bài hoặc trò chơi trên bàn', 'Sưu tầm', 'Võ thuật', 'Săn bắn hoặc câu cá', 'Yoga hoặc thiền', 'Trang trí nội thất', 'Đọc sách, báo, tiểu thuyết', 'Câu đố', 'Nhảy Bungee và Thể thao mạo hiểm', 'Giao lưu với Twitter, Facebook hoặc Skype', 'Xem phim']",0
197,b32652e1-6fd9-4244-a4ab-dd16edb6792a,Ronald Khang I,Tàu nha cửa dép lầu nón làm giết.,35,1,176.0,16.1758,109.3449,0,-1,1,-1,"['Viết blog', 'Ăn uống lành mạnh', 'Mua sắm', 'Sáng tạo nội dung', 'Đi bộ đường dài hoặc Leo núi', 'Vẽ tranh, Điêu khắc', 'Cho ăn và quan sát các loài chim địa phương', 'Tham gia Marathons', 'Buôn bán', 'Nghiên cứu và duyệt Internet', 'Thể thao dưới nước', 'Tiệc tùng', 'Làm đồ trang sức', 'Hát, sáng tác hoặc nhảy', 'Chơi bài hoặc trò chơi trên bàn', 'Sưu tầm', 'Võ thuật', 'Xây dựng cơ thể và tập thể dục', 'Săn bắn hoặc câu cá', 'Thổi gốm hoặc thủy tinh', 'Yoga hoặc thiền', 'Trang trí nội thất', 'Thể thao mùa đông', 'Nấu ăn', 'Đọc sách, báo, tiểu thuyết', 'Chơi trò chơi điện tử', 'Câu đố', 'Nhảy Bungee và Thể thao mạo hiểm', 'Giao lưu với Twitter, Facebook hoặc Skype', 'Xem phim']",0
198,cc9aad7f-e8e7-4c68-9900-417c1c47e2fa,Ignacio Như,Thích tủ làm ừ tám hết xanh anh nha.,16,0,168.0,19.5561,104.3217,1,0,-1,1,"['Mua sắm', 'Sáng tạo nội dung', 'Đi bộ đường dài hoặc Leo núi', 'Vẽ tranh, Điêu khắc', 'Tham gia Marathons', 'Nghiên cứu và duyệt Internet', 'Làm đồ trang sức', 'Chơi bài hoặc trò chơi trên bàn', 'Sưu tầm', 'Xây dựng cơ thể và tập thể dục', 'Thổi gốm hoặc thủy tinh', 'Thể thao mùa đông']",1
199,243b2401-bb0f-441b-a383-6fb5bcc7b7be,Micheal Hữu,Thích nước núi hóa mướn yêu.,32,1,156.0,13.5165,104.8188,-1,-1,0,5,"['Sáng tạo nội dung', 'Vẽ tranh, Điêu khắc', 'Nhảy Bungee và Thể thao mạo hiểm']",1
200,a59ded0f-4deb-4d34-ac27-6bfacf68f07a,Essie Tuân,Bạn biển vá chỉ nhà hàng thì bảy ừ hai.,21,0,162.0,17.681,108.4532,1,0,1,3,"['Viết blog', 'Ăn uống lành mạnh', 'Mua sắm', 'Sáng tạo nội dung', 'Đi bộ đường dài hoặc Leo núi', 'Vẽ tranh, Điêu khắc', 'Cho ăn và quan sát các loài chim địa phương', 'Tham gia Marathons', 'Buôn bán', 'Nghiên cứu và duyệt Internet', 'Thể thao dưới nước', 'Tiệc tùng', 'Làm đồ trang sức', 'Hát, sáng tác hoặc nhảy', 'Sưu tầm', 'Võ thuật', 'Xây dựng cơ thể và tập thể dục', 'Săn bắn hoặc câu cá', 'Thổi gốm hoặc thủy tinh', 'Yoga hoặc thiền', 'Trang trí nội thất', 'Thể thao mùa đông', 'Nấu ăn', 'Đọc sách, báo, tiểu thuyết', 'Chơi trò chơi điện tử', 'Nhảy Bungee và Thể thao mạo hiểm', 'Giao lưu với Twitter, Facebook hoặc Skype', 'Xem phim']",0
201,26c0e31e-aba3-4aa6-b143-d6455e5181f0,Gerard Triệu,Vẽ là vá áo thương ghét đập.,33,1,150.0,14.2205,108.3983,-1,0,1,4,['Sưu tầm'],1
202,c25284e5-cbbf-4f52-a24f-37206607a47a,Percy Hồ,Gió gió thì ngọt con bạn thuyền đá.,15,2,161.0,9.2991,105.4394,2,1,-1,10,"['Viết blog', 'Ăn uống lành mạnh', 'Sáng tạo nội dung', 'Vẽ tranh, Điêu khắc', 'Cho ăn và quan sát các loài chim địa phương', 'Tham gia Marathons', 'Buôn bán', 'Nghiên cứu và duyệt Internet', 'Thể thao dưới nước', 'Tiệc tùng', 'Làm đồ trang sức', 'Hát, sáng tác hoặc nhảy', 'Sưu tầm', 'Võ thuật', 'Săn bắn hoặc câu cá', 'Thổi gốm hoặc thủy tinh', 'Trang trí nội thất', 'Thể thao mùa đông', 'Nấu ăn', 'Đọc sách, báo, tiểu thuyết', 'Chơi trò chơi điện tử', 'Câu đố', 'Nhảy Bungee và Thể thao mạo hiểm', 'Giao lưu với Twitter, Facebook hoặc Skype', 'Xem phim']",0
203,ee86e899-3e0e-46c2-a6e2-dd93058dab94,Natalie Triệu,Bè vẽ không chìm giết quần hết bốn.,23,2,194.0,11.3708,105.8096,2,-1,-1,1,"['Viết blog', 'Ăn uống lành mạnh', 'Mua sắm', 'Sáng tạo nội dung', 'Đi bộ đường dài hoặc Leo núi', 'Cho ăn và quan sát các loài chim địa phương', 'Tham gia Marathons', 'Buôn bán', 'Nghiên cứu và duyệt Internet', 'Thể thao dưới nước', 'Tiệc tùng', 'Hát, sáng tác hoặc nhảy', 'Chơi bài hoặc trò chơi trên bàn', 'Sưu tầm', 'Võ thuật', 'Xây dựng cơ thể và tập thể dục', 'Săn bắn hoặc câu cá', 'Thổi gốm hoặc thủy tinh', 'Yoga hoặc thiền', 'Trang trí nội thất', 'Thể thao mùa đông', 'Nấu ăn', 'Đọc sách, báo, tiểu thuyết', 'Chơi trò chơi điện tử', 'Câu đố', 'Nhảy Bungee và Thể thao mạo hiểm', 'Giao lưu với Twitter, Facebook hoặc Skype', 'Xem phim']",0
